election_year,candidate_name,party,won_election,popular_vote_total,popular_vote_share_pct,electoral_votes_received,victory_margin_popular_pct,gdp_growth_rate_election_year,gdp_growth_rate_q2_q3,unemployment_rate_october,unemployment_rate_change_24mo,cpi_inflation_rate_annual,cpi_inflation_rate_change_yoy,real_wage_growth_rate,sp500_return_ytd,sp500_return_24mo,federal_deficit_pct_gdp,national_debt_pct_gdp,recession_flag,recession_months_in_prior_12,oil_price_election_month,oil_price_change_12mo,oil_embargo_or_shock_flag,housing_price_index_change_yoy,consumer_confidence_index,manufacturing_jobs_change_12mo,trade_deficit_pct_gdp,us_troops_in_combat_flag,us_combat_theater,us_combat_deaths_election_year,us_combat_deaths_total_conflict,us_declared_war_flag,nato_article5_invoked_flag,russia_military_aggression_flag,russia_aggression_description,china_military_aggression_flag,china_aggression_description,china_tariffs_on_us_flag,us_tariffs_on_china_flag,major_us_terror_attack_flag,major_us_terror_attack_description,us_terror_attack_deaths_4yr,iran_nuclear_agreement_status,north_korea_nuclear_test_flag,north_korea_nuclear_test_count,global_oil_cartel_production_cut_flag,un_security_council_us_vetoes_4yr,presidential_impeachment_flag,presidential_impeachment_description,major_financial_crisis_flag,major_financial_crisis_description,declared_federal_disasters_4yr,pandemic_flag,pandemic_us_deaths,supreme_court_vacancies_filled_term,federal_minimum_wage_change_flag,roe_v_wade_status,major_gun_legislation_flag,major_gun_legislation_description,federal_debt_ceiling_crisis_flag,government_shutdown_count_4yr,government_shutdown_total_days_4yr,crime_rate_change_4yr,illegal_border_crossings_change_4yr,us_uninsured_rate,candidate_age_election_day,candidate_gender,candidate_race_ethnicity,candidate_religion,candidate_birth_state,candidate_home_state,education_highest_degree,education_undergraduate_institution,education_graduate_institution,military_service_flag,military_branch,military_highest_rank,military_combat_service_flag,military_combat_decorations_flag,years_total_elected_office,years_federal_elected_office,years_as_governor,years_in_us_senate,years_in_us_house,years_as_vp,years_in_cabinet,prior_presidential_campaigns,incumbent_president_flag,incumbent_vp_flag,first_of_demographic_group_flag,first_of_demographic_group_description,political_dynasty_flag,political_dynasty_relation,net_worth_fec_disclosure_millions,speech_corpus_total_words,flesch_kincaid_grade_level,flesch_reading_ease,avg_words_per_sentence,avg_syllables_per_word,type_token_ratio,first_person_singular_pct,first_person_plural_pct,second_person_pct,negative_emotion_word_pct,positive_emotion_word_pct,anxiety_word_pct,anger_word_pct,certainty_word_pct,tentative_word_pct,religion_word_pct,money_word_pct,power_word_pct,future_tense_word_pct,past_tense_word_pct,opponent_name_mention_count,opponent_name_mention_rate,question_mark_count,exclamation_mark_count,debate_words_spoken_total,debate_interruption_count,campaign_total_spending_millions,campaign_spending_advantage,general_election_spending_millions,public_financing_accepted_flag,campaign_ad_spend_millions,states_visited_general_election,total_campaign_events_general,debate_appearances_general,debate_appearances_skipped,vp_debate_count,major_newspaper_endorsements,major_newspaper_opponent_endorsements,sitting_president_endorsed_flag,former_presidents_same_party_endorsement_count,senate_same_party_endorsement_count,governor_same_party_endorsement_count,primary_vote_share_pct,primary_opponents_count,age_difference,experience_years_difference,spending_ratio,endorsement_count_difference,debate_words_difference,primary_opponent_count_difference,soviet_russian_nuclear_tests_4yr,china_gdp_growth_rate,china_trade_surplus_with_us_billions,major_us_embassy_attack_flag,major_us_embassy_attack_description,foreign_cyberattack_flag,foreign_cyberattack_description,russian_chinese_nuclear_doctrine_change_flag,us_ambassador_expelled_count,major_allied_leadership_change_flag,nato_enlargement_flag,nato_new_members,eu_refugee_crisis_flag,us_foreign_aid_pct_gdp,allied_combat_deaths_with_us,imf_emergency_lending_flag,fao_food_price_index_yoy_change,major_nuclear_accident_flag,major_nuclear_accident_description,pre_covid_who_pandemic_flag,pre_covid_who_pandemic_description,canal_disruption_flag,presidential_assassination_attempt_flag,major_political_assassination_flag,major_political_assassination_description,mass_casualty_shooting_events_4yr,mass_casualty_shooting_deaths_4yr,national_guard_federally_activated_flag,major_scotus_decisions_count_4yr,landmark_scotus_decisions_list,federal_execution_count_4yr,federal_schedule1_legalization_flag,federal_funds_rate_election_day,federal_funds_rate_change_24mo,bank_failures_count_4yr,foreclosure_rate,poverty_rate,gini_coefficient,student_loan_total_trillions,opioid_overdose_deaths_annual,us_life_expectancy_change_4yr,labor_force_participation_rate,union_membership_rate,major_infrastructure_failure_flag,major_tech_regulation_flag,vp_candidate_name,vp_home_state,vp_years_political_experience,vp_prior_presidential_campaigns,vp_military_service_flag,convention_held_first,third_party_candidate_name,third_party_popular_vote_share,social_media_followers_election_day,social_media_posts_90days,bills_signed_into_law_term,executive_orders_issued_term,federal_civilian_employment_change_term,state_visits_count_term,treaties_ratified_term,presidential_veto_count_term,presidential_veto_overrides_term,notes
1960,John Fitzgerald Kennedy,DEMOCRATIC,TRUE,34220984,49.72,303,0.17,2.6,-0.05,6.1,-0.6,1.36,-0.16,1.3,-11.1,8.0,0.06,43.6,TRUE,6,2.97,0.0,FALSE,NULL,90.1,73,-0.16,FALSE,NULL,5,5,FALSE,FALSE,FALSE,NULL,FALSE,NULL,FALSE,FALSE,FALSE,NULL,0,NO_AGREEMENT,FALSE,0,FALSE,0,FALSE,NULL,FALSE,NULL,47,FALSE,NULL,2,FALSE,NULL_PRE_DECISION,FALSE,NULL,FALSE,0,0,20.9,-50978,NULL,43,MALE,WHITE,Catholic,MA,MA,BACHELORS,Harvard University,NULL,TRUE,NAVY,Lieutenant,TRUE,TRUE,14,14,0,8,6,0,0,0,FALSE,FALSE,TRUE,First Catholic nominee of a major party to win the presidency.,TRUE,"Son of Joseph P. Kennedy Sr., former U.S. Ambassador; father of political family including Senator Ted Kennedy and Attorney General Robert F. Kennedy.",10.0,20288,10.1,58.8,20.5,1.5,0.1176,2.721,3.406,0.34,0.651,2.662,0.049,0.217,1.705,1.493,0.587,2.376,2.578,0.7,2.391,53,2.61,43,0,18264,0,9.8,0.82,6.2,NULL,3.2,44,300,4,0,0,10,14,FALSE,0,NULL,NULL,32.5,6,-4,0,0.817,-4,322,6,61,-0.2,0,FALSE,NULL,FALSE,NULL,FALSE,0,FALSE,FALSE,NULL,FALSE,0.53,0,FALSE,1.5,FALSE,NULL,FALSE,NULL,TRUE,FALSE,FALSE,NULL,0,0,FALSE,2,"Mapp v. Ohio 1961, Baker v. Carr 1962",15,FALSE,2.47,0.47,14,NULL,22.2,NULL,NULL,NULL,0.2,59.4,31.4,FALSE,FALSE,Lyndon B. Johnson,TX,23,0,TRUE,DEMOCRATIC,NULL,NULL,NULL,NULL,1736,244,-85000,11,50,91,1,Speech corpus: Debate 1 (1960); Debate 2 (1960); Debate 3 (1960); Debate 4 (1960); Convention acceptance speech (1960)
1960,Richard Milhous Nixon,REPUBLICAN,FALSE,34108157,49.55,219,-0.17,2.6,-0.05,6.1,-0.6,1.36,-0.16,1.3,-11.1,8.0,0.06,43.6,TRUE,6,2.97,0.0,FALSE,NULL,90.1,73,-0.16,FALSE,NULL,5,5,FALSE,FALSE,FALSE,NULL,FALSE,NULL,FALSE,FALSE,FALSE,NULL,0,NO_AGREEMENT,FALSE,0,FALSE,0,FALSE,NULL,FALSE,NULL,47,FALSE,NULL,2,FALSE,NULL_PRE_DECISION,FALSE,NULL,FALSE,0,0,20.9,-50978,NULL,47,MALE,WHITE,Quaker,CA,CA,LAW_DEGREE,Whittier College,Duke University School of Law,TRUE,NAVY,Lieutenant Commander,TRUE,FALSE,14,14,0,2,4,8,0,0,FALSE,TRUE,FALSE,NULL,FALSE,NULL,0.5,23159,10.9,58.0,23.1,1.48,0.1043,2.5,3.515,0.535,0.833,2.746,0.164,0.337,2.073,0.95,0.402,1.667,2.466,0.989,1.878,100,4.32,61,1,17942,0,12.0,1.22,7.5,NULL,4.5,50,328,4,0,0,14,10,FALSE,0,NULL,NULL,89.9,0,-4,0,0.817,-4,322,6,61,-0.2,0,FALSE,NULL,FALSE,NULL,FALSE,0,FALSE,FALSE,NULL,FALSE,0.53,0,FALSE,1.5,FALSE,NULL,FALSE,NULL,TRUE,FALSE,FALSE,NULL,0,0,FALSE,2,"Mapp v. Ohio 1961, Baker v. Carr 1962",15,FALSE,2.47,0.47,14,NULL,22.2,NULL,NULL,NULL,0.2,59.4,31.4,FALSE,FALSE,Henry Cabot Lodge Jr.,MA,17,0,TRUE,DEMOCRATIC,NULL,NULL,NULL,NULL,1736,244,-85000,11,50,91,1,Speech corpus: Debate 1 (1960); Debate 2 (1960); Debate 3 (1960); Debate 4 (1960); Convention acceptance speech (1960)
1964,Lyndon Baines Johnson,DEMOCRATIC,TRUE,43129040,61.05,486,22.58,5.8,5.4,5.1,-0.3,1.2,-0.02,0.8,11.9,49.2,-0.86,37.4,FALSE,0,2.92,-1.7,FALSE,NULL,99.9,107,0.96,FALSE,NULL,216,412,FALSE,FALSE,FALSE,NULL,FALSE,NULL,FALSE,FALSE,FALSE,NULL,0,NO_AGREEMENT,FALSE,0,FALSE,0,FALSE,NULL,FALSE,NULL,74,FALSE,NULL,2,TRUE,NULL_PRE_DECISION,FALSE,NULL,FALSE,0,0,29.7,11497,NULL,56,MALE,WHITE,Christian (Disciples of Christ),TX,TX,BACHELORS,Southwest Texas State Teachers College,NULL,TRUE,NAVY,Commander,TRUE,TRUE,28,28,0,12,12,3,0,0,TRUE,FALSE,FALSE,NULL,FALSE,NULL,15.0,2293,7.7,70.3,17.1,1.41,0.2791,2.224,4.666,0.872,0.654,5.059,0.087,0.087,3.009,0.741,0.48,1.003,1.919,0.741,0.829,0,0.0,3,2,0,0,8.8,1.33,6.0,NULL,3.5,42,200,0,0,0,14,5,NULL,0,NULL,NULL,NULL,NULL,1,16,1.333,9,0,NULL,138,18.2,0,FALSE,NULL,FALSE,NULL,FALSE,0,FALSE,FALSE,NULL,FALSE,0.56,8,FALSE,3.2,FALSE,NULL,FALSE,NULL,FALSE,TRUE,TRUE,"President John F. Kennedy assassinated November 22, 1963 in Dallas, TX",0,0,TRUE,3,"New York Times v. Sullivan 1964, Heart of Atlanta Motel v. US 1964, Griswold v. Connecticut 1965",14,FALSE,3.5,0.75,19,NULL,19.0,NULL,NULL,NULL,0.4,58.6,30.2,FALSE,FALSE,Hubert Humphrey,MN,18,1,FALSE,REPUBLICAN,NULL,NULL,NULL,NULL,1551,259,50000,13,40,26,0,Speech corpus: Convention acceptance speech (1964)
1964,Barry Morris Goldwater,REPUBLICAN,FALSE,27175754,38.47,52,-22.58,5.8,5.4,5.1,-0.3,1.2,-0.02,0.8,11.9,49.2,-0.86,37.4,FALSE,0,2.92,-1.7,FALSE,NULL,99.9,107,0.96,FALSE,NULL,216,412,FALSE,FALSE,FALSE,NULL,FALSE,NULL,FALSE,FALSE,FALSE,NULL,0,NO_AGREEMENT,FALSE,0,FALSE,0,FALSE,NULL,FALSE,NULL,74,FALSE,NULL,2,TRUE,NULL_PRE_DECISION,FALSE,NULL,FALSE,0,0,29.7,11497,NULL,55,MALE,WHITE,Episcopalian,AZ,AZ,HIGH_SCHOOL,Staunton Military Academy (high school),NULL,TRUE,AIR_FORCE,Major General,FALSE,FALSE,12,12,0,12,0,0,0,0,FALSE,FALSE,FALSE,NULL,FALSE,NULL,2.0,3218,11.8,51.4,23.0,1.56,0.3042,1.554,4.164,0.746,1.057,5.252,0.062,0.311,2.766,0.715,0.59,1.336,2.206,1.025,1.181,0,0.0,0,0,0,0,6.6,0.75,4.5,NULL,3.0,35,180,0,0,0,5,14,FALSE,1,NULL,NULL,38.3,5,1,16,1.333,9,0,NULL,138,18.2,0,FALSE,NULL,FALSE,NULL,FALSE,0,FALSE,FALSE,NULL,FALSE,0.56,8,FALSE,3.2,FALSE,NULL,FALSE,NULL,FALSE,TRUE,TRUE,"President John F. Kennedy assassinated November 22, 1963 in Dallas, TX",0,0,TRUE,3,"New York Times v. Sullivan 1964, Heart of Atlanta Motel v. US 1964, Griswold v. Connecticut 1965",14,FALSE,3.5,0.75,19,NULL,19.0,NULL,NULL,NULL,0.4,58.6,30.2,FALSE,FALSE,William E. Miller,NY,14,0,TRUE,REPUBLICAN,NULL,NULL,NULL,NULL,1551,259,50000,13,40,26,0,Speech corpus: Convention acceptance speech (1964)
1968,Hubert Horatio Humphrey,DEMOCRATIC,FALSE,31271839,42.72,191,-0.7,4.9,5.0,3.4,-0.3,4.75,2.16,1.82,9.5,27.4,-2.67,37.0,FALSE,0,3.07,0.0,FALSE,NULL,92.4,493,0.32,TRUE,Vietnam,16899,36952,TRUE,FALSE,FALSE,NULL,FALSE,NULL,FALSE,FALSE,FALSE,NULL,0,NO_AGREEMENT,FALSE,0,FALSE,0,FALSE,NULL,FALSE,NULL,60,FALSE,NULL,2,TRUE,NULL_PRE_DECISION,TRUE,"Gun Control Act of 1968 (signed Oct 22, 1968)",FALSE,0,0,107.8,64122,NULL,57,MALE,WHITE,Methodist,SD,MN,MASTERS,University of Minnesota,Louisiana State University,FALSE,NULL,NULL,NULL,NULL,23,19,0,16,0,4,0,0,FALSE,TRUE,FALSE,NULL,FALSE,NULL,0.5,3833,9.8,62.9,21.5,1.44,0.2379,2.661,3.835,1.096,1.539,4.018,0.261,0.365,2.739,0.965,1.252,0.704,1.565,0.939,1.044,0,0.0,6,7,0,0,11.6,0.74,7.0,NULL,4.5,38,250,0,0,0,8,13,FALSE,0,NULL,NULL,2.2,3,2,9,0.739,-5,0,1,58,-4.1,0,TRUE,"Tet Offensive Jan 31, 1968: Viet Cong guerrillas briefly breached the US Embassy compound in Saigon, killing 5 US servicemen. Massive coordinated attack across South Vietnam including embassy grounds.",FALSE,NULL,TRUE,0,FALSE,FALSE,NULL,FALSE,0.38,4407,FALSE,4.8,FALSE,NULL,FALSE,NULL,TRUE,TRUE,TRUE,"Senator Robert F. Kennedy (presidential candidate) assassinated June 5, 1968 in Los Angeles, CA; Rev. Martin Luther King Jr. assassinated April 4, 1968",1,16,TRUE,4,"Miranda v. Arizona 1966, In re Gault 1967, Loving v. Virginia 1967, Terry v. Ohio 1968",13,FALSE,5.75,2.25,20,NULL,12.8,NULL,NULL,NULL,-0.3,59.5,28.9,FALSE,FALSE,Edmund Muskie,ME,18,0,TRUE,REPUBLICAN,George Wallace,13.5,NULL,NULL,1450,280,350000,19,45,25,0,Speech corpus: Convention acceptance speech (1968)
1968,Richard Milhous Nixon,REPUBLICAN,TRUE,31783783,43.42,301,0.7,4.9,5.0,3.4,-0.3,4.75,2.16,1.82,9.5,27.4,-2.67,37.0,FALSE,0,3.07,0.0,FALSE,NULL,92.4,493,0.32,TRUE,Vietnam,16899,36952,TRUE,FALSE,FALSE,NULL,FALSE,NULL,FALSE,FALSE,FALSE,NULL,0,NO_AGREEMENT,FALSE,0,FALSE,0,FALSE,NULL,FALSE,NULL,60,FALSE,NULL,2,TRUE,NULL_PRE_DECISION,TRUE,"Gun Control Act of 1968 (signed Oct 22, 1968)",FALSE,0,0,107.8,64122,NULL,55,MALE,WHITE,Quaker,CA,NY,LAW_DEGREE,Whittier College,Duke University School of Law,TRUE,NAVY,Lieutenant Commander,TRUE,FALSE,14,14,0,2,4,8,0,1,FALSE,FALSE,FALSE,NULL,FALSE,NULL,0.5,4643,8.9,63.8,18.4,1.47,0.21,1.637,3.468,0.603,1.228,4.394,0.172,0.194,2.24,0.689,0.538,1.228,2.692,1.357,1.012,0,0.0,4,1,0,0,15.7,1.35,10.2,NULL,6.0,40,220,0,0,0,13,8,FALSE,1,NULL,NULL,37.5,2,2,9,0.739,-5,0,1,58,-4.1,0,TRUE,"Tet Offensive Jan 31, 1968: Viet Cong guerrillas briefly breached the US Embassy compound in Saigon, killing 5 US servicemen. Massive coordinated attack across South Vietnam including embassy grounds.",FALSE,NULL,TRUE,0,FALSE,FALSE,NULL,FALSE,0.38,4407,FALSE,4.8,FALSE,NULL,FALSE,NULL,TRUE,TRUE,TRUE,"Senator Robert F. Kennedy (presidential candidate) assassinated June 5, 1968 in Los Angeles, CA; Rev. Martin Luther King Jr. assassinated April 4, 1968",1,16,TRUE,4,"Miranda v. Arizona 1966, In re Gault 1967, Loving v. Virginia 1967, Terry v. Ohio 1968",13,FALSE,5.75,2.25,20,NULL,12.8,NULL,NULL,NULL,-0.3,59.5,28.9,FALSE,FALSE,Spiro Agnew,MD,6,0,TRUE,REPUBLICAN,George Wallace,13.5,NULL,NULL,1450,280,350000,19,45,25,0,Speech corpus: Convention acceptance speech (1968)
1968,,THIRD_PARTY,,,,,,4.9,5.0,3.4,-0.3,4.75,2.16,1.82,9.5,27.4,-2.67,37.0,FALSE,0,3.07,0.0,FALSE,NULL,92.4,493,0.32,TRUE,Vietnam,16899,36952,TRUE,FALSE,FALSE,NULL,FALSE,NULL,FALSE,FALSE,FALSE,NULL,0,NO_AGREEMENT,FALSE,0,FALSE,0,FALSE,NULL,FALSE,NULL,60,FALSE,NULL,2,TRUE,NULL_PRE_DECISION,TRUE,"Gun Control Act of 1968 (signed Oct 22, 1968)",FALSE,0,0,107.8,64122,NULL,NULL,NULL,NULL,NULL,NULL,NULL,NULL,NULL,NULL,NULL,NULL,NULL,NULL,NULL,NULL,NULL,NULL,NULL,NULL,NULL,NULL,NULL,NULL,NULL,NULL,NULL,NULL,NULL,NULL,NULL,NULL,NULL,NULL,NULL,NULL,NULL,NULL,NULL,NULL,NULL,NULL,NULL,NULL,NULL,NULL,NULL,NULL,NULL,NULL,NULL,NULL,NULL,NULL,NULL,NULL,NULL,NULL,NULL,NULL,NULL,NULL,NULL,NULL,NULL,NULL,NULL,NULL,NULL,NULL,NULL,NULL,NULL,NULL,2,9,0.739,-5,0,1,58,-4.1,0,TRUE,"Tet Offensive Jan 31, 1968: Viet Cong guerrillas briefly breached the US Embassy compound in Saigon, killing 5 US servicemen. Massive coordinated attack across South Vietnam including embassy grounds.",FALSE,NULL,TRUE,0,FALSE,FALSE,NULL,FALSE,0.38,4407,FALSE,4.8,FALSE,NULL,FALSE,NULL,TRUE,TRUE,TRUE,"Senator Robert F. Kennedy (presidential candidate) assassinated June 5, 1968 in Los Angeles, CA; Rev. Martin Luther King Jr. assassinated April 4, 1968",1,16,TRUE,4,"Miranda v. Arizona 1966, In re Gault 1967, Loving v. Virginia 1967, Terry v. Ohio 1968",13,FALSE,5.75,2.25,20,NULL,12.8,NULL,NULL,NULL,-0.3,59.5,28.9,FALSE,FALSE,Curtis LeMay,OH,0,0,TRUE,REPUBLICAN,George Wallace,13.5,NULL,NULL,1450,280,350000,19,45,25,0,Speech corpus: Insufficient transcript data available
1972,George Stanley McGovern,DEMOCRATIC,FALSE,29173222,37.52,17,-23.15,5.3,6.6,5.6,0.1,3.18,-0.63,4.7,4.9,2.9,-1.83,25.0,FALSE,0,3.56,0.0,FALSE,NULL,90.7,767,-0.26,TRUE,Vietnam,759,57251,TRUE,FALSE,FALSE,NULL,FALSE,NULL,FALSE,FALSE,FALSE,NULL,0,NO_AGREEMENT,FALSE,0,FALSE,2,FALSE,NULL,FALSE,NULL,102,FALSE,NULL,4,FALSE,NULL_PRE_DECISION,FALSE,NULL,FALSE,0,0,102.6,224685,NULL,50,MALE,WHITE,Methodist,SD,SD,PHD,Dakota Wesleyan University,Northwestern University,TRUE,AIR_FORCE,First Lieutenant,TRUE,TRUE,14,14,0,10,4,0,0,0,FALSE,FALSE,FALSE,NULL,FALSE,NULL,0.3,2591,11.1,58.1,24.0,1.47,0.3385,1.93,3.898,0.656,0.849,3.86,0.116,0.193,2.316,0.463,0.81,1.853,2.007,1.235,1.119,3,1.16,0,0,0,0,21.0,0.49,12.6,NULL,6.5,32,200,0,0,0,5,18,FALSE,0,NULL,NULL,25.3,4,-9,-3,0.484,-13,0,3,75,3.8,0,FALSE,NULL,FALSE,NULL,FALSE,1,FALSE,FALSE,NULL,FALSE,0.29,1200,FALSE,12.5,FALSE,NULL,FALSE,NULL,TRUE,TRUE,FALSE,NULL,0,0,TRUE,3,"Roe v. Wade 1973 (decided Jan 1973), Furman v. Georgia 1972, Swann v. Charlotte-Mecklenburg 1971",1,FALSE,5.5,1.25,9,NULL,11.9,0.396,NULL,NULL,0.8,60.3,28.0,FALSE,FALSE,Sargent Shriver,MD,0,0,TRUE,DEMOCRATIC,NULL,NULL,NULL,NULL,1302,172,-10000,22,55,37,2,Speech corpus: Convention acceptance speech (1972)
1972,Richard Milhous Nixon,REPUBLICAN,TRUE,47168710,60.67,520,23.15,5.3,6.6,5.6,0.1,3.18,-0.63,4.7,4.9,2.9,-1.83,25.0,FALSE,0,3.56,0.0,FALSE,NULL,90.7,767,-0.26,TRUE,Vietnam,759,57251,TRUE,FALSE,FALSE,NULL,FALSE,NULL,FALSE,FALSE,FALSE,NULL,0,NO_AGREEMENT,FALSE,0,FALSE,2,FALSE,NULL,FALSE,NULL,102,FALSE,NULL,4,FALSE,NULL_PRE_DECISION,FALSE,NULL,FALSE,0,0,102.6,224685,NULL,59,MALE,WHITE,Quaker,CA,CA,LAW_DEGREE,Whittier College,Duke University School of Law,TRUE,NAVY,Lieutenant Commander,TRUE,FALSE,17,17,0,2,4,8,0,2,TRUE,FALSE,FALSE,NULL,FALSE,NULL,1.5,4332,10.2,58.9,20.9,1.5,0.2297,2.378,4.594,1.062,1.062,3.486,0.046,0.277,2.054,0.669,0.6,2.401,1.962,0.669,1.154,0,0.0,0,0,0,0,43.4,2.07,30.0,NULL,14.0,30,100,0,0,0,18,5,NULL,0,NULL,NULL,86.9,1,-9,-3,0.484,-13,0,3,75,3.8,0,FALSE,NULL,FALSE,NULL,FALSE,1,FALSE,FALSE,NULL,FALSE,0.29,1200,FALSE,12.5,FALSE,NULL,FALSE,NULL,TRUE,TRUE,FALSE,NULL,0,0,TRUE,3,"Roe v. Wade 1973 (decided Jan 1973), Furman v. Georgia 1972, Swann v. Charlotte-Mecklenburg 1971",1,FALSE,5.5,1.25,9,NULL,11.9,0.396,NULL,NULL,0.8,60.3,28.0,FALSE,FALSE,Spiro Agnew,MD,6,0,TRUE,DEMOCRATIC,NULL,NULL,NULL,NULL,1302,172,-10000,22,55,37,2,Speech corpus: Convention acceptance speech (1972)
1976,Jimmy Carter,DEMOCRATIC,TRUE,40831881,50.08,297,2.07,5.4,2.6,7.7,1.7,5.46,-2.19,1.59,6.1,-9.3,-3.94,26.2,FALSE,0,13.9,24.6,FALSE,8.7,79.3,564,1.23,FALSE,NULL,0,0,FALSE,FALSE,FALSE,NULL,FALSE,NULL,FALSE,FALSE,FALSE,NULL,0,NO_AGREEMENT,FALSE,0,FALSE,6,FALSE,NULL,FALSE,NULL,107,FALSE,NULL,1,TRUE,STANDING,FALSE,NULL,FALSE,0,0,66.8,286173,NULL,52,MALE,WHITE,Baptist,GA,GA,BACHELORS,United States Naval Academy,"Union College (nuclear physics, incomplete)",TRUE,NAVY,Lieutenant,FALSE,FALSE,8,0,4,0,0,0,0,0,FALSE,FALSE,FALSE,NULL,FALSE,NULL,1.0,19083,10.7,55.7,21.0,1.54,0.1429,2.473,3.338,0.267,0.901,2.746,0.115,0.152,1.546,1.09,0.44,3.17,2.893,0.33,2.206,86,4.51,8,3,16251,0,22.0,1.0,21.8,TRUE,11.0,38,180,3,0,1,11,10,FALSE,0,NULL,NULL,39.8,8,-11,-17,1.0,1,1412,7,81,-1.6,0,TRUE,June 1976: US Ambassador to Lebanon Francis Melloy Jr. and economic counselor Robert Waring were kidnapped and shot by PFLP terrorists in Beirut. Also: US Ambassador to Afghanistan Adolph Dubs kidnapped and killed Feb 1979 (just before 4yr window).,FALSE,NULL,FALSE,0,FALSE,FALSE,NULL,FALSE,0.26,0,FALSE,-3.2,FALSE,NULL,FALSE,NULL,FALSE,TRUE,FALSE,NULL,0,0,FALSE,3,"Gregg v. Georgia 1976, Buckley v. Valeo 1976, Planned Parenthood v. Danforth 1976",0,FALSE,5.25,-2.75,36,NULL,11.8,0.398,NULL,NULL,1.7,61.6,27.9,FALSE,FALSE,Walter Mondale,MN,16,0,FALSE,DEMOCRATIC,NULL,NULL,NULL,NULL,838,169,-15000,17,30,66,12,Speech corpus: Debate 1 (1976); Debate 2 (1976); Debate 3 (1976); Convention acceptance speech (1976)
1976,Gerald Rudolph Ford,REPUBLICAN,FALSE,39148634,48.01,240,-2.07,5.4,2.6,7.7,1.7,5.46,-2.19,1.59,6.1,-9.3,-3.94,26.2,FALSE,0,13.9,24.6,FALSE,8.7,79.3,564,1.23,FALSE,NULL,0,0,FALSE,FALSE,FALSE,NULL,FALSE,NULL,FALSE,FALSE,FALSE,NULL,0,NO_AGREEMENT,FALSE,0,FALSE,6,FALSE,NULL,FALSE,NULL,107,FALSE,NULL,1,TRUE,STANDING,FALSE,NULL,FALSE,0,0,66.8,286173,NULL,63,MALE,WHITE,Episcopalian,NE,MI,LAW_DEGREE,University of Michigan,Yale Law School,TRUE,NAVY,Lieutenant Commander,TRUE,FALSE,25,25,0,0,25,0,0,0,TRUE,FALSE,FALSE,NULL,FALSE,NULL,1.0,17555,10.7,54.9,20.5,1.55,0.1411,2.751,2.649,0.598,0.53,2.603,0.085,0.131,1.339,0.923,0.473,3.298,2.825,0.712,2.233,48,2.73,6,0,14839,0,22.0,1.0,21.8,TRUE,11.0,32,160,3,0,1,10,11,NULL,0,NULL,NULL,53.3,1,-11,-17,1.0,1,1412,7,81,-1.6,0,TRUE,June 1976: US Ambassador to Lebanon Francis Melloy Jr. and economic counselor Robert Waring were kidnapped and shot by PFLP terrorists in Beirut. Also: US Ambassador to Afghanistan Adolph Dubs kidnapped and killed Feb 1979 (just before 4yr window).,FALSE,NULL,FALSE,0,FALSE,FALSE,NULL,FALSE,0.26,0,FALSE,-3.2,FALSE,NULL,FALSE,NULL,FALSE,TRUE,FALSE,NULL,0,0,FALSE,3,"Gregg v. Georgia 1976, Buckley v. Valeo 1976, Planned Parenthood v. Danforth 1976",0,FALSE,5.25,-2.75,36,NULL,11.8,0.398,NULL,NULL,1.7,61.6,27.9,FALSE,FALSE,Bob Dole,KS,25,0,TRUE,DEMOCRATIC,NULL,NULL,NULL,NULL,838,169,-15000,17,30,66,12,Speech corpus: Debate 1 (1976); Debate 2 (1976); Debate 3 (1976); Convention acceptance speech (1976)
1980,Jimmy Carter,DEMOCRATIC,FALSE,35481115,41.01,49,-9.74,-0.3,-4.25,7.5,1.7,12.63,0.56,-3.96,17.7,38.1,-2.58,24.7,TRUE,6,36.0,24.1,TRUE,8.2,84.2,-884,-0.1,FALSE,NULL,0,0,FALSE,FALSE,TRUE,"Soviet Union invaded Afghanistan in December 1979, occupying a sovereign nation and installing a puppet government; Soviet forces remained in active combat through the 1980 election.",TRUE,"China invaded Vietnam in February-March 1979 (Sino-Vietnamese War), a large-scale military assault on Vietnamese sovereign territory lasting approximately one month.",FALSE,FALSE,FALSE,NULL,0,NO_AGREEMENT,FALSE,0,TRUE,2,FALSE,NULL,FALSE,NULL,112,FALSE,NULL,0,TRUE,STANDING,FALSE,NULL,FALSE,0,0,128.8,83055,NULL,56,MALE,WHITE,Baptist,GA,GA,BACHELORS,United States Naval Academy,"Union College (nuclear physics, incomplete)",TRUE,NAVY,Lieutenant,FALSE,FALSE,12,4,4,0,0,0,0,1,TRUE,FALSE,FALSE,NULL,FALSE,NULL,1.0,10767,11.2,52.4,21.0,1.57,0.1854,2.053,3.018,0.399,0.845,3.056,0.084,0.362,1.904,0.78,0.306,2.647,2.591,0.427,1.551,33,3.06,10,2,6152,0,29.4,0.46,29.4,TRUE,15.0,35,150,1,1,0,9,10,NULL,0,NULL,NULL,51.2,2,-13,4,0.459,-1,-8490,-2,103,7.9,0,TRUE,"Tehran Hostage Crisis: Nov 4, 1979, Iranian students stormed the US Embassy in Tehran, seizing 52 diplomats held 444 days (released Jan 20, 1981). A failed rescue attempt (Operation Eagle Claw, April 1980) killed 8 US servicemen. US Ambassador to Afghanistan Adolph Dubs kidnapped and killed Feb 14, 1979.",FALSE,NULL,FALSE,2,FALSE,FALSE,NULL,FALSE,0.27,0,FALSE,14.2,TRUE,"Three Mile Island accident, March 28, 1979 (Pennsylvania, USA): Partial meltdown, INES Level 5. Most serious commercial nuclear accident in US history; triggered reactor containment breach and radiation release, causing evacuation of area residents.",FALSE,NULL,FALSE,FALSE,FALSE,NULL,0,0,FALSE,2,"Regents of UC v. Bakke 1978, United Steelworkers v. Weber 1979",0,FALSE,15.85,9.35,39,NULL,13.0,0.403,NULL,NULL,0.3,63.7,23.2,FALSE,FALSE,Walter Mondale,MN,16,0,FALSE,REPUBLICAN,John Anderson,6.6,NULL,NULL,1246,320,30000,25,60,31,2,Speech corpus: Debate 2 (1980); Convention acceptance speech (1980)
1980,Ronald Wilson Reagan,REPUBLICAN,TRUE,43903230,50.75,489,9.74,-0.3,-4.25,7.5,1.7,12.63,0.56,-3.96,17.7,38.1,-2.58,24.7,TRUE,6,36.0,24.1,TRUE,8.2,84.2,-884,-0.1,FALSE,NULL,0,0,FALSE,FALSE,TRUE,"Soviet Union invaded Afghanistan in December 1979, occupying a sovereign nation and installing a puppet government; Soviet forces remained in active combat through the 1980 election.",TRUE,"China invaded Vietnam in February-March 1979 (Sino-Vietnamese War), a large-scale military assault on Vietnamese sovereign territory lasting approximately one month.",FALSE,FALSE,FALSE,NULL,0,NO_AGREEMENT,FALSE,0,TRUE,2,FALSE,NULL,FALSE,NULL,112,FALSE,NULL,0,TRUE,STANDING,FALSE,NULL,FALSE,0,0,128.8,83055,NULL,69,MALE,WHITE,Presbyterian,IL,CA,BACHELORS,Eureka College,NULL,TRUE,ARMY,Captain,FALSE,FALSE,8,0,8,0,0,0,0,1,FALSE,FALSE,FALSE,NULL,FALSE,NULL,4.0,19065,10.9,57.6,22.8,1.49,0.1452,2.565,2.806,0.808,0.687,2.497,0.068,0.22,1.72,1.049,0.671,2.817,2.135,0.635,2.203,28,1.47,59,5,14642,0,64.0,2.18,29.4,TRUE,17.0,42,200,2,0,0,10,9,FALSE,1,NULL,NULL,59.8,4,-13,4,0.459,-1,-8490,-2,103,7.9,0,TRUE,"Tehran Hostage Crisis: Nov 4, 1979, Iranian students stormed the US Embassy in Tehran, seizing 52 diplomats held 444 days (released Jan 20, 1981). A failed rescue attempt (Operation Eagle Claw, April 1980) killed 8 US servicemen. US Ambassador to Afghanistan Adolph Dubs kidnapped and killed Feb 14, 1979.",FALSE,NULL,FALSE,2,FALSE,FALSE,NULL,FALSE,0.27,0,FALSE,14.2,TRUE,"Three Mile Island accident, March 28, 1979 (Pennsylvania, USA): Partial meltdown, INES Level 5. Most serious commercial nuclear accident in US history; triggered reactor containment breach and radiation release, causing evacuation of area residents.",FALSE,NULL,FALSE,FALSE,FALSE,NULL,0,0,FALSE,2,"Regents of UC v. Bakke 1978, United Steelworkers v. Weber 1979",0,FALSE,15.85,9.35,39,NULL,13.0,0.403,NULL,NULL,0.3,63.7,23.2,FALSE,FALSE,George H.W. Bush,TX,4,1,TRUE,REPUBLICAN,John Anderson,6.6,NULL,NULL,1246,320,30000,25,60,31,2,Speech corpus: Debate 1 (1980); Debate 2 (1980); Convention acceptance speech (1980)
1980,,THIRD_PARTY,,,,,,-0.3,-4.25,7.5,1.7,12.63,0.56,-3.96,17.7,38.1,-2.58,24.7,TRUE,6,36.0,24.1,TRUE,8.2,84.2,-884,-0.1,FALSE,NULL,0,0,FALSE,FALSE,TRUE,"Soviet Union invaded Afghanistan in December 1979, occupying a sovereign nation and installing a puppet government; Soviet forces remained in active combat through the 1980 election.",TRUE,"China invaded Vietnam in February-March 1979 (Sino-Vietnamese War), a large-scale military assault on Vietnamese sovereign territory lasting approximately one month.",FALSE,FALSE,FALSE,NULL,0,NO_AGREEMENT,FALSE,0,TRUE,2,FALSE,NULL,FALSE,NULL,112,FALSE,NULL,0,TRUE,STANDING,FALSE,NULL,FALSE,0,0,128.8,83055,NULL,NULL,NULL,NULL,NULL,NULL,NULL,NULL,NULL,NULL,NULL,NULL,NULL,NULL,NULL,NULL,NULL,NULL,NULL,NULL,NULL,NULL,NULL,NULL,NULL,NULL,NULL,NULL,NULL,NULL,9106,10.4,58.9,21.5,1.49,0.1865,2.68,2.405,1.142,0.505,2.174,0.044,0.121,1.68,1.087,0.802,3.174,1.834,0.604,1.933,49,5.38,36,3,9257,0,NULL,NULL,NULL,NULL,NULL,NULL,NULL,NULL,NULL,NULL,NULL,NULL,NULL,NULL,NULL,NULL,NULL,NULL,-13,4,0.459,-1,-8490,-2,103,7.9,0,TRUE,"Tehran Hostage Crisis: Nov 4, 1979, Iranian students stormed the US Embassy in Tehran, seizing 52 diplomats held 444 days (released Jan 20, 1981). A failed rescue attempt (Operation Eagle Claw, April 1980) killed 8 US servicemen. US Ambassador to Afghanistan Adolph Dubs kidnapped and killed Feb 14, 1979.",FALSE,NULL,FALSE,2,FALSE,FALSE,NULL,FALSE,0.27,0,FALSE,14.2,TRUE,"Three Mile Island accident, March 28, 1979 (Pennsylvania, USA): Partial meltdown, INES Level 5. Most serious commercial nuclear accident in US history; triggered reactor containment breach and radiation release, causing evacuation of area residents.",FALSE,NULL,FALSE,FALSE,FALSE,NULL,0,0,FALSE,2,"Regents of UC v. Bakke 1978, United Steelworkers v. Weber 1979",0,FALSE,15.85,9.35,39,NULL,13.0,0.403,NULL,NULL,0.3,63.7,23.2,FALSE,FALSE,Patrick Lucey,WI,12,0,FALSE,REPUBLICAN,John Anderson,6.6,NULL,NULL,1246,320,30000,25,60,31,2,Speech corpus: Debate 1 (1980)
1984,Walter Frederick Mondale,DEMOCRATIC,FALSE,37577352,40.56,13,-18.21,7.2,5.5,7.4,-3.0,4.27,1.52,-1.38,-1.2,24.9,-4.59,33.1,FALSE,0,28.77,-5.4,FALSE,4.5,99.1,657,-1.5,FALSE,NULL,0,0,FALSE,FALSE,TRUE,"Soviet Union continued active military occupation and combat operations in Afghanistan (invaded December 1979), with peak Soviet troop levels and combat intensity in 1984.",FALSE,NULL,FALSE,FALSE,FALSE,NULL,0,NO_AGREEMENT,FALSE,0,TRUE,10,FALSE,NULL,TRUE,"Savings and Loan crisis: accelerating S&L failures from 1982-1984 onward; ~1,043 S&Ls failed 1986-1995, ultimately costing $160B in federal bailouts",94,FALSE,NULL,1,TRUE,STANDING,FALSE,NULL,FALSE,1,4,-56.7,367722,NULL,56,MALE,WHITE,Methodist,MN,MN,LAW_DEGREE,University of Minnesota,University of Minnesota Law School,TRUE,ARMY,Corporal,FALSE,FALSE,20,16,0,12,0,4,0,0,FALSE,FALSE,FALSE,NULL,FALSE,NULL,0.5,12709,8.1,65.4,16.0,1.48,0.1603,2.691,3.439,1.149,0.897,2.471,0.079,0.26,2.416,0.999,0.496,2.557,2.99,0.803,2.667,26,2.05,58,0,10268,0,79.0,1.03,40.4,TRUE,25.0,38,200,2,0,1,12,8,FALSE,1,NULL,NULL,37.8,4,-17,8,1.026,4,-1348,4,92,15.2,0,TRUE,"Beirut Embassy bombing April 18, 1983: Hezbollah suicide truck bomb destroyed US Embassy, killing 63 including 17 Americans and CIA station chief. Beirut annex bombing Sept 20, 1984: Killed 24 including 2 US servicemen. 1983 Marine barracks bombing (Oct 23) killed 241 US marines though it was at USMC HQ, not the embassy.",FALSE,NULL,FALSE,0,FALSE,FALSE,NULL,FALSE,0.24,89,FALSE,-4.5,FALSE,NULL,FALSE,NULL,FALSE,TRUE,FALSE,NULL,2,34,FALSE,2,"Solem v. Helm 1983, Lynch v. Donnelly 1984",0,FALSE,9.5,-5.35,370,NULL,14.4,0.415,NULL,NULL,1.5,64.4,18.8,FALSE,FALSE,Geraldine Ferraro,NY,6,0,FALSE,DEMOCRATIC,NULL,NULL,NULL,NULL,1096,191,100000,14,45,40,5,Speech corpus: Debate 1 (1984); Debate 2 (1984); Convention acceptance speech (1984)
1984,Ronald Wilson Reagan,REPUBLICAN,TRUE,54455472,58.77,525,18.21,7.2,5.5,7.4,-3.0,4.27,1.52,-1.38,-1.2,24.9,-4.59,33.1,FALSE,0,28.77,-5.4,FALSE,4.5,99.1,657,-1.5,FALSE,NULL,0,0,FALSE,FALSE,TRUE,"Soviet Union continued active military occupation and combat operations in Afghanistan (invaded December 1979), with peak Soviet troop levels and combat intensity in 1984.",FALSE,NULL,FALSE,FALSE,FALSE,NULL,0,NO_AGREEMENT,FALSE,0,TRUE,10,FALSE,NULL,TRUE,"Savings and Loan crisis: accelerating S&L failures from 1982-1984 onward; ~1,043 S&Ls failed 1986-1995, ultimately costing $160B in federal bailouts",94,FALSE,NULL,1,TRUE,STANDING,FALSE,NULL,FALSE,1,4,-56.7,367722,NULL,73,MALE,WHITE,Presbyterian,IL,CA,BACHELORS,Eureka College,NULL,TRUE,ARMY,Captain,FALSE,FALSE,12,4,8,0,0,0,0,2,TRUE,FALSE,FALSE,NULL,FALSE,NULL,4.0,16827,8.2,66.5,17.1,1.45,0.151,2.443,3.488,0.683,0.802,2.27,0.083,0.214,1.872,1.117,0.588,3.227,2.193,0.576,3.857,15,0.89,50,57,11616,0,77.0,0.97,40.4,TRUE,25.0,40,180,2,0,1,8,12,NULL,0,NULL,NULL,97.5,0,-17,8,1.026,4,-1348,4,92,15.2,0,TRUE,"Beirut Embassy bombing April 18, 1983: Hezbollah suicide truck bomb destroyed US Embassy, killing 63 including 17 Americans and CIA station chief. Beirut annex bombing Sept 20, 1984: Killed 24 including 2 US servicemen. 1983 Marine barracks bombing (Oct 23) killed 241 US marines though it was at USMC HQ, not the embassy.",FALSE,NULL,FALSE,0,FALSE,FALSE,NULL,FALSE,0.24,89,FALSE,-4.5,FALSE,NULL,FALSE,NULL,FALSE,TRUE,FALSE,NULL,2,34,FALSE,2,"Solem v. Helm 1983, Lynch v. Donnelly 1984",0,FALSE,9.5,-5.35,370,NULL,14.4,0.415,NULL,NULL,1.5,64.4,18.8,FALSE,FALSE,George H.W. Bush,TX,4,1,TRUE,DEMOCRATIC,NULL,NULL,NULL,NULL,1096,191,100000,14,45,40,5,Speech corpus: Debate 1 (1984); Debate 2 (1984); Convention acceptance speech (1984)
1988,Michael Stanley Dukakis,DEMOCRATIC,FALSE,41809476,45.65,111,-7.72,4.2,3.9,5.4,-1.6,4.26,-0.1,-0.57,11.3,14.4,-2.96,38.8,FALSE,0,13.8,-30.5,FALSE,5.3,117.8,237,-3.14,FALSE,NULL,0,0,FALSE,FALSE,TRUE,Soviet Union continued military occupation of Afghanistan with active combat operations through 1988; Soviet withdrawal did not complete until February 1989.,FALSE,NULL,FALSE,FALSE,FALSE,NULL,0,NO_AGREEMENT,FALSE,0,FALSE,12,FALSE,NULL,TRUE,Savings and Loan crisis: peak S&L failures in 1988-1989 (205 S&Ls failed in 1988 alone); concurrent commercial banking crisis with record bank failures,89,FALSE,NULL,3,FALSE,STANDING,FALSE,NULL,FALSE,0,0,100.7,-115715,NULL,55,MALE,WHITE,Greek Orthodox,MA,MA,LAW_DEGREE,Swarthmore College,Harvard Law School,TRUE,ARMY,Specialist Third Class,FALSE,FALSE,18,0,10,0,0,0,0,0,FALSE,FALSE,FALSE,NULL,FALSE,NULL,1.0,33315,8.4,66.3,17.7,1.45,0.1002,3.338,2.653,1.477,0.693,3.038,0.063,0.21,1.462,1.039,0.354,2.209,2.542,0.795,2.14,138,4.14,104,0,29889,0,90.0,1.01,46.1,TRUE,30.0,36,200,2,0,1,14,7,FALSE,1,NULL,NULL,42.8,5,-9,6,0.989,7,-512,2,63,11.7,3.5,FALSE,NULL,FALSE,NULL,FALSE,0,FALSE,FALSE,NULL,FALSE,0.2,0,FALSE,8.1,TRUE,"Chernobyl disaster April 26, 1986 (Ukrainian SSR): INES Level 7 (maximum). Reactor 4 explosion caused widespread radioactive contamination across Europe; 31 immediate deaths, 350,000+ evacuated, long-term radiation health impacts. Most severe nuclear accident in history.",FALSE,NULL,FALSE,FALSE,FALSE,NULL,2,35,FALSE,3,"Bowers v. Hardwick 1986, Edwards v. Aguillard 1987, Hazelwood School District v. Kuhlmeier 1988",0,FALSE,8.0,1.5,535,NULL,13.0,0.426,NULL,NULL,0.6,66.0,17.0,FALSE,FALSE,Lloyd Bentsen,TX,23,0,TRUE,DEMOCRATIC,NULL,NULL,NULL,NULL,1377,190,97000,16,40,38,4,Speech corpus: Debate 1 (1988); Debate 2 (1988); Convention acceptance speech (1988)
1988,George Herbert Walker Bush,REPUBLICAN,TRUE,48886597,53.37,426,7.72,4.2,3.9,5.4,-1.6,4.26,-0.1,-0.57,11.3,14.4,-2.96,38.8,FALSE,0,13.8,-30.5,FALSE,5.3,117.8,237,-3.14,FALSE,NULL,0,0,FALSE,FALSE,TRUE,Soviet Union continued military occupation of Afghanistan with active combat operations through 1988; Soviet withdrawal did not complete until February 1989.,FALSE,NULL,FALSE,FALSE,FALSE,NULL,0,NO_AGREEMENT,FALSE,0,FALSE,12,FALSE,NULL,TRUE,Savings and Loan crisis: peak S&L failures in 1988-1989 (205 S&Ls failed in 1988 alone); concurrent commercial banking crisis with record bank failures,89,FALSE,NULL,3,FALSE,STANDING,FALSE,NULL,FALSE,0,0,100.7,-115715,NULL,64,MALE,WHITE,Episcopalian,MA,TX,BACHELORS,Yale University,NULL,TRUE,NAVY,Lieutenant Junior Grade,TRUE,TRUE,12,12,0,0,4,8,0,1,FALSE,TRUE,FALSE,NULL,TRUE,Father of George W. Bush (43rd President) and Jeb Bush (Governor of Florida).,4.0,34998,8.0,67.5,16.7,1.45,0.1,3.506,2.572,1.474,0.706,2.966,0.071,0.214,1.469,1.011,0.369,2.257,2.54,0.754,2.252,114,3.26,119,0,30401,0,91.0,1.01,46.1,TRUE,30.0,40,220,2,0,1,7,14,FALSE,1,NULL,NULL,67.9,3,-9,6,0.989,7,-512,2,63,11.7,3.5,FALSE,NULL,FALSE,NULL,FALSE,0,FALSE,FALSE,NULL,FALSE,0.2,0,FALSE,8.1,TRUE,"Chernobyl disaster April 26, 1986 (Ukrainian SSR): INES Level 7 (maximum). Reactor 4 explosion caused widespread radioactive contamination across Europe; 31 immediate deaths, 350,000+ evacuated, long-term radiation health impacts. Most severe nuclear accident in history.",FALSE,NULL,FALSE,FALSE,FALSE,NULL,2,35,FALSE,3,"Bowers v. Hardwick 1986, Edwards v. Aguillard 1987, Hazelwood School District v. Kuhlmeier 1988",0,FALSE,8.0,1.5,535,NULL,13.0,0.426,NULL,NULL,0.6,66.0,17.0,FALSE,FALSE,Dan Quayle,IN,11,0,TRUE,DEMOCRATIC,NULL,NULL,NULL,NULL,1377,190,97000,16,40,38,4,Speech corpus: Debate 1 (1988); Debate 2 (1988); Convention acceptance speech (1988)
1992,William Jefferson Clinton,DEMOCRATIC,TRUE,44909889,43.01,370,5.56,3.5,4.2,7.3,1.4,3.28,0.43,-0.82,-1.0,35.1,-4.45,46.8,FALSE,0,21.69,-6.6,TRUE,3.3,54.6,-248,-0.27,FALSE,NULL,0,0,FALSE,FALSE,FALSE,NULL,FALSE,NULL,FALSE,FALSE,FALSE,NULL,0,NO_AGREEMENT,FALSE,0,FALSE,5,FALSE,NULL,TRUE,"Banking and S&L crisis (1988-1992): record bank failures (534 banks failed in 1989), S&L Resolution Trust Corporation established, FDIC technically insolvent by 1991; largest US banking crisis since the Great Depression",157,FALSE,NULL,2,TRUE,STANDING,FALSE,NULL,FALSE,1,3,117.1,203013,14.7,46,MALE,WHITE,Baptist,AR,AR,LAW_DEGREE,Georgetown University,Yale Law School,FALSE,NULL,NULL,NULL,NULL,12,0,8,0,0,0,0,0,FALSE,FALSE,FALSE,NULL,TRUE,"Husband of Hillary Clinton, U.S. Senator and Secretary of State.",0.7,18869,8.1,67.6,17.2,1.44,0.1254,3.795,2.851,1.245,0.885,3.01,0.074,0.191,1.802,0.943,0.466,3.535,1.956,0.546,2.353,51,2.7,24,2,14514,0,55.2,1.45,55.2,TRUE,32.7,40,250,3,0,1,15,5,FALSE,1,NULL,NULL,52.0,4,-22,-4,1.453,10,-399,3,25,14.2,18.3,FALSE,NULL,FALSE,NULL,FALSE,1,FALSE,FALSE,NULL,FALSE,0.2,147,FALSE,-2.8,FALSE,NULL,FALSE,NULL,FALSE,FALSE,FALSE,NULL,2,33,TRUE,4,"Planned Parenthood v. Casey 1992, Employment Division v. Smith 1990, Cruzan v. Missouri 1990, Lee v. Weisman 1992",3,FALSE,3.0,-4.75,433,NULL,14.8,0.434,NULL,NULL,0.8,66.7,15.8,FALSE,FALSE,Al Gore,TN,15,1,TRUE,DEMOCRATIC,Ross Perot,18.9,NULL,NULL,1240,166,-10000,37,65,44,1,Speech corpus: Debate 1 (1992); Debate 2 (1992); Debate 3 (1992); Convention acceptance speech (1992)
1992,George Herbert Walker Bush,REPUBLICAN,FALSE,39104550,37.45,168,-5.56,3.5,4.2,7.3,1.4,3.28,0.43,-0.82,-1.0,35.1,-4.45,46.8,FALSE,0,21.69,-6.6,TRUE,3.3,54.6,-248,-0.27,FALSE,NULL,0,0,FALSE,FALSE,FALSE,NULL,FALSE,NULL,FALSE,FALSE,FALSE,NULL,0,NO_AGREEMENT,FALSE,0,FALSE,5,FALSE,NULL,TRUE,"Banking and S&L crisis (1988-1992): record bank failures (534 banks failed in 1989), S&L Resolution Trust Corporation established, FDIC technically insolvent by 1991; largest US banking crisis since the Great Depression",157,FALSE,NULL,2,TRUE,STANDING,FALSE,NULL,FALSE,1,3,117.1,203013,14.7,68,MALE,WHITE,Episcopalian,MA,TX,BACHELORS,Yale University,NULL,TRUE,NAVY,Lieutenant Junior Grade,TRUE,TRUE,16,16,0,0,4,8,0,2,TRUE,FALSE,FALSE,NULL,TRUE,Father of George W. Bush (43rd President).,4.0,19874,6.3,73.9,13.4,1.41,0.1267,4.428,2.43,1.665,0.896,3.079,0.136,0.247,1.53,1.042,0.473,2.949,2.345,0.684,2.294,39,1.96,72,27,14913,0,38.0,0.69,55.2,TRUE,27.7,35,200,3,0,1,5,15,NULL,1,NULL,NULL,72.8,1,-22,-4,1.453,10,-399,3,25,14.2,18.3,FALSE,NULL,FALSE,NULL,FALSE,1,FALSE,FALSE,NULL,FALSE,0.2,147,FALSE,-2.8,FALSE,NULL,FALSE,NULL,FALSE,FALSE,FALSE,NULL,2,33,TRUE,4,"Planned Parenthood v. Casey 1992, Employment Division v. Smith 1990, Cruzan v. Missouri 1990, Lee v. Weisman 1992",3,FALSE,3.0,-4.75,433,NULL,14.8,0.434,NULL,NULL,0.8,66.7,15.8,FALSE,FALSE,Dan Quayle,IN,11,0,TRUE,DEMOCRATIC,Ross Perot,18.9,NULL,NULL,1240,166,-10000,37,65,44,1,Speech corpus: Debate 1 (1992); Debate 2 (1992); Debate 3 (1992); Convention acceptance speech (1992)
1992,,THIRD_PARTY,,,,,,3.5,4.2,7.3,1.4,3.28,0.43,-0.82,-1.0,35.1,-4.45,46.8,FALSE,0,21.69,-6.6,TRUE,3.3,54.6,-248,-0.27,FALSE,NULL,0,0,FALSE,FALSE,FALSE,NULL,FALSE,NULL,FALSE,FALSE,FALSE,NULL,0,NO_AGREEMENT,FALSE,0,FALSE,5,FALSE,NULL,TRUE,"Banking and S&L crisis (1988-1992): record bank failures (534 banks failed in 1989), S&L Resolution Trust Corporation established, FDIC technically insolvent by 1991; largest US banking crisis since the Great Depression",157,FALSE,NULL,2,TRUE,STANDING,FALSE,NULL,FALSE,1,3,117.1,203013,14.7,NULL,NULL,NULL,NULL,NULL,NULL,NULL,NULL,NULL,NULL,NULL,NULL,NULL,NULL,NULL,NULL,NULL,NULL,NULL,NULL,NULL,NULL,NULL,NULL,NULL,NULL,NULL,NULL,NULL,14943,6.0,76.8,14.0,1.37,0.1344,3.493,2.951,2.657,1.031,2.556,0.12,0.194,1.586,1.633,0.167,3.032,1.285,0.763,1.981,0,0.0,65,0,15018,0,NULL,NULL,NULL,NULL,NULL,NULL,NULL,NULL,NULL,NULL,NULL,NULL,NULL,NULL,NULL,NULL,NULL,NULL,-22,-4,1.453,10,-399,3,25,14.2,18.3,FALSE,NULL,FALSE,NULL,FALSE,1,FALSE,FALSE,NULL,FALSE,0.2,147,FALSE,-2.8,FALSE,NULL,FALSE,NULL,FALSE,FALSE,FALSE,NULL,2,33,TRUE,4,"Planned Parenthood v. Casey 1992, Employment Division v. Smith 1990, Cruzan v. Missouri 1990, Lee v. Weisman 1992",3,FALSE,3.0,-4.75,433,NULL,14.8,0.434,NULL,NULL,0.8,66.7,15.8,FALSE,FALSE,James Stockdale,CA,0,0,TRUE,DEMOCRATIC,Ross Perot,18.9,NULL,NULL,1240,166,-10000,37,65,44,1,Speech corpus: Debate 1 (1992); Debate 2 (1992); Debate 3 (1992)
1996,William Jefferson Clinton,DEMOCRATIC,TRUE,47402357,49.24,379,8.53,3.8,5.2,5.2,-0.6,3.06,0.32,0.43,13.5,46.4,-1.33,46.3,FALSE,0,24.9,42.8,FALSE,2.5,107.3,52,-1.09,FALSE,NULL,0,0,FALSE,FALSE,FALSE,NULL,TRUE,Third Taiwan Strait Crisis (1995-1996): China fired ballistic missiles into zones near Taiwan's ports of Keelung and Kaohsiung and conducted military exercises to intimidate Taiwan ahead of its first direct presidential election (March 1996).,FALSE,FALSE,TRUE,"Oklahoma City bombing (April 19, 1995): 168 deaths",168,NO_AGREEMENT,FALSE,0,FALSE,1,FALSE,NULL,FALSE,NULL,175,FALSE,NULL,2,TRUE,STANDING,TRUE,Brady Handgun Violence Prevention Act (1993); Federal Assault Weapons Ban (1994),FALSE,2,27,-121.1,361446,15.6,50,MALE,WHITE,Baptist,AR,AR,LAW_DEGREE,Georgetown University,Yale Law School,FALSE,NULL,NULL,NULL,NULL,16,4,8,0,0,0,0,1,TRUE,FALSE,FALSE,NULL,TRUE,"Husband of Hillary Clinton, U.S. Senator and Secretary of State.",1.5,22114,8.6,66.4,18.7,1.44,0.1127,3.392,3.482,1.262,0.855,3.043,0.036,0.339,1.868,0.904,0.47,3.789,1.8,0.642,2.844,58,2.62,37,11,15198,0,73.0,1.43,61.8,TRUE,44.0,38,200,2,0,1,14,6,NULL,1,NULL,NULL,89.0,1,-23,-20,1.431,8,-55,-4,0,10.0,33.8,FALSE,NULL,FALSE,NULL,TRUE,0,FALSE,FALSE,NULL,FALSE,0.12,12,TRUE,11.8,FALSE,NULL,FALSE,NULL,FALSE,FALSE,FALSE,NULL,0,0,FALSE,3,"United States v. Virginia (VMI) 1996, Romer v. Evans 1996, Adarand Constructors v. Pena 1995",9,FALSE,5.25,0.0,29,NULL,13.7,0.455,NULL,NULL,1.0,66.8,14.5,FALSE,FALSE,Al Gore,TN,15,0,TRUE,REPUBLICAN,Ross Perot,8.4,NULL,NULL,798,201,-280000,36,55,20,0,Speech corpus: Debate 1 (1996); Debate 2 (1996); Convention acceptance speech (1996)
1996,Robert Joseph Dole,REPUBLICAN,FALSE,39198755,40.71,159,-8.53,3.8,5.2,5.2,-0.6,3.06,0.32,0.43,13.5,46.4,-1.33,46.3,FALSE,0,24.9,42.8,FALSE,2.5,107.3,52,-1.09,FALSE,NULL,0,0,FALSE,FALSE,FALSE,NULL,TRUE,Third Taiwan Strait Crisis (1995-1996): China fired ballistic missiles into zones near Taiwan's ports of Keelung and Kaohsiung and conducted military exercises to intimidate Taiwan ahead of its first direct presidential election (March 1996).,FALSE,FALSE,TRUE,"Oklahoma City bombing (April 19, 1995): 168 deaths",168,NO_AGREEMENT,FALSE,0,FALSE,1,FALSE,NULL,FALSE,NULL,175,FALSE,NULL,2,TRUE,STANDING,TRUE,Brady Handgun Violence Prevention Act (1993); Federal Assault Weapons Ban (1994),FALSE,2,27,-121.1,361446,15.6,73,MALE,WHITE,Methodist,KS,KS,LAW_DEGREE,University of Kansas,Washburn University School of Law,TRUE,ARMY,Captain,TRUE,TRUE,36,36,0,27,8,0,0,1,FALSE,FALSE,FALSE,NULL,FALSE,NULL,5.0,21108,7.1,70.5,14.6,1.44,0.1218,3.757,2.805,2.061,0.815,2.392,0.09,0.199,1.928,1.507,0.313,2.999,2.336,0.895,3.018,23,1.09,56,0,15253,0,51.0,0.7,61.8,TRUE,28.0,35,180,2,0,1,6,14,FALSE,1,NULL,NULL,58.8,5,-23,-20,1.431,8,-55,-4,0,10.0,33.8,FALSE,NULL,FALSE,NULL,TRUE,0,FALSE,FALSE,NULL,FALSE,0.12,12,TRUE,11.8,FALSE,NULL,FALSE,NULL,FALSE,FALSE,FALSE,NULL,0,0,FALSE,3,"United States v. Virginia (VMI) 1996, Romer v. Evans 1996, Adarand Constructors v. Pena 1995",9,FALSE,5.25,0.0,29,NULL,13.7,0.455,NULL,NULL,1.0,66.8,14.5,FALSE,FALSE,Jack Kemp,NY,18,1,FALSE,REPUBLICAN,Ross Perot,8.4,NULL,NULL,798,201,-280000,36,55,20,0,Speech corpus: Debate 1 (1996); Debate 2 (1996); Convention acceptance speech (1996)
1996,,THIRD_PARTY,,,,,,3.8,5.2,5.2,-0.6,3.06,0.32,0.43,13.5,46.4,-1.33,46.3,FALSE,0,24.9,42.8,FALSE,2.5,107.3,52,-1.09,FALSE,NULL,0,0,FALSE,FALSE,FALSE,NULL,TRUE,Third Taiwan Strait Crisis (1995-1996): China fired ballistic missiles into zones near Taiwan's ports of Keelung and Kaohsiung and conducted military exercises to intimidate Taiwan ahead of its first direct presidential election (March 1996).,FALSE,FALSE,TRUE,"Oklahoma City bombing (April 19, 1995): 168 deaths",168,NO_AGREEMENT,FALSE,0,FALSE,1,FALSE,NULL,FALSE,NULL,175,FALSE,NULL,2,TRUE,STANDING,TRUE,Brady Handgun Violence Prevention Act (1993); Federal Assault Weapons Ban (1994),FALSE,2,27,-121.1,361446,15.6,NULL,NULL,NULL,NULL,NULL,NULL,NULL,NULL,NULL,NULL,NULL,NULL,NULL,NULL,NULL,NULL,NULL,NULL,NULL,NULL,NULL,NULL,NULL,NULL,NULL,NULL,NULL,NULL,NULL,NULL,NULL,NULL,NULL,NULL,NULL,NULL,NULL,NULL,NULL,NULL,NULL,NULL,NULL,NULL,NULL,NULL,NULL,NULL,NULL,NULL,NULL,NULL,NULL,NULL,NULL,NULL,NULL,NULL,NULL,NULL,NULL,NULL,NULL,NULL,NULL,NULL,NULL,NULL,NULL,NULL,NULL,NULL,NULL,-23,-20,1.431,8,-55,-4,0,10.0,33.8,FALSE,NULL,FALSE,NULL,TRUE,0,FALSE,FALSE,NULL,FALSE,0.12,12,TRUE,11.8,FALSE,NULL,FALSE,NULL,FALSE,FALSE,FALSE,NULL,0,0,FALSE,3,"United States v. Virginia (VMI) 1996, Romer v. Evans 1996, Adarand Constructors v. Pena 1995",9,FALSE,5.25,0.0,29,NULL,13.7,0.455,NULL,NULL,1.0,66.8,14.5,FALSE,FALSE,Pat Choate,DC,0,0,FALSE,REPUBLICAN,Ross Perot,8.4,NULL,NULL,798,201,-280000,36,55,20,0,Speech corpus: Insufficient transcript data available
2000,Albert Arnold Gore Jr.,DEMOCRATIC,FALSE,50999897,48.38,266,0.51,4.1,3.95,3.9,-0.6,3.45,0.89,0.44,1.8,26.4,2.3,32.7,FALSE,0,33.08,46.1,FALSE,6.5,135.8,-57,-3.2,FALSE,NULL,0,0,FALSE,FALSE,FALSE,NULL,FALSE,NULL,FALSE,FALSE,FALSE,NULL,0,NO_AGREEMENT,FALSE,0,FALSE,2,TRUE,"President Clinton impeached by House December 19, 1998 on charges of perjury and obstruction of Congress; acquitted by Senate February 12, 1999",FALSE,NULL,206,FALSE,NULL,0,TRUE,STANDING,FALSE,NULL,FALSE,0,0,-130.1,136659,13.7,52,MALE,WHITE,Baptist,DC,TN,BACHELORS,Harvard University,"Vanderbilt University (divinity, law; no degree)",TRUE,ARMY,Specialist Fifth Class,TRUE,FALSE,24,24,0,8,8,8,0,1,FALSE,TRUE,FALSE,NULL,TRUE,"Son of Al Gore Sr., U.S. Senator from Tennessee.",1.9,29154,7.7,69.1,16.5,1.43,0.107,3.903,2.442,1.496,0.871,2.778,0.072,0.305,1.849,1.104,0.302,3.173,1.996,0.734,1.736,66,2.26,45,0,23339,0,120.0,0.65,67.6,TRUE,45.0,30,200,3,0,1,14,7,FALSE,1,NULL,NULL,75.6,1,-2,18,0.649,7,-1870,-3,0,8.5,68.7,TRUE,"August 7, 1998: Simultaneous car bombings of US embassies in Nairobi, Kenya and Dar es Salaam, Tanzania by al-Qaeda. 224 killed (including 12 Americans), ~5,000 injured. Largest pre-9/11 al-Qaeda attack on US facilities.",FALSE,NULL,TRUE,0,FALSE,TRUE,"['Czech Republic', 'Hungary', 'Poland']",FALSE,0.1,4,TRUE,-3.4,FALSE,NULL,FALSE,NULL,FALSE,FALSE,FALSE,NULL,1,13,FALSE,4,"Bush v. Gore 2000, Boy Scouts of America v. Dale 2000, Reno v. ACLU 1997, Stenberg v. Carhart 2000",16,FALSE,6.5,1.75,22,0.77,11.3,0.462,NULL,NULL,0.9,67.0,13.5,FALSE,TRUE,Joe Lieberman,CT,27,0,FALSE,REPUBLICAN,NULL,NULL,NULL,NULL,974,163,-59000,36,50,17,2,Speech corpus: Debate 1 (2000); Debate 2 (2000); Debate 3 (2000); Convention acceptance speech (2000)
2000,George Walker Bush,REPUBLICAN,TRUE,50456002,47.87,271,-0.51,4.1,3.95,3.9,-0.6,3.45,0.89,0.44,1.8,26.4,2.3,32.7,FALSE,0,33.08,46.1,FALSE,6.5,135.8,-57,-3.2,FALSE,NULL,0,0,FALSE,FALSE,FALSE,NULL,FALSE,NULL,FALSE,FALSE,FALSE,NULL,0,NO_AGREEMENT,FALSE,0,FALSE,2,TRUE,"President Clinton impeached by House December 19, 1998 on charges of perjury and obstruction of Congress; acquitted by Senate February 12, 1999",FALSE,NULL,206,FALSE,NULL,0,TRUE,STANDING,FALSE,NULL,FALSE,0,0,-130.1,136659,13.7,54,MALE,WHITE,Methodist,CT,TX,MBA,Yale University,Harvard Business School,TRUE,AIR_FORCE,First Lieutenant,FALSE,FALSE,6,0,6,0,0,0,0,0,FALSE,FALSE,FALSE,NULL,TRUE,"Son of George H.W. Bush, 41st President of the United States.",13.0,33509,6.8,71.5,14.2,1.43,0.0922,3.814,2.862,1.579,0.701,3.563,0.09,0.269,1.811,1.08,0.531,2.674,2.241,0.916,1.77,50,1.49,67,0,25209,0,185.0,1.54,67.6,FALSE,55.0,32,220,3,0,1,7,14,FALSE,2,NULL,NULL,63.0,4,-2,18,0.649,7,-1870,-3,0,8.5,68.7,TRUE,"August 7, 1998: Simultaneous car bombings of US embassies in Nairobi, Kenya and Dar es Salaam, Tanzania by al-Qaeda. 224 killed (including 12 Americans), ~5,000 injured. Largest pre-9/11 al-Qaeda attack on US facilities.",FALSE,NULL,TRUE,0,FALSE,TRUE,"['Czech Republic', 'Hungary', 'Poland']",FALSE,0.1,4,TRUE,-3.4,FALSE,NULL,FALSE,NULL,FALSE,FALSE,FALSE,NULL,1,13,FALSE,4,"Bush v. Gore 2000, Boy Scouts of America v. Dale 2000, Reno v. ACLU 1997, Stenberg v. Carhart 2000",16,FALSE,6.5,1.75,22,0.77,11.3,0.462,NULL,NULL,0.9,67.0,13.5,FALSE,TRUE,Dick Cheney,WY,10,0,FALSE,REPUBLICAN,NULL,NULL,NULL,NULL,974,163,-59000,36,50,17,2,Speech corpus: Debate 1 (2000); Debate 2 (2000); Debate 3 (2000); Convention acceptance speech (2000)
2004,John Forbes Kerry,DEMOCRATIC,FALSE,59028444,48.27,251,-2.46,3.8,3.45,5.5,-0.2,3.19,1.15,-0.66,0.7,35.9,-3.38,35.2,FALSE,0,53.13,75.2,FALSE,11.1,92.9,-2,-4.34,TRUE,Iraq,849,1335,TRUE,TRUE,FALSE,NULL,FALSE,NULL,FALSE,FALSE,TRUE,"September 11, 2001 attacks: 2,977 civilian deaths",2977,NO_AGREEMENT,FALSE,0,FALSE,6,FALSE,NULL,FALSE,NULL,218,FALSE,NULL,0,FALSE,STANDING,FALSE,NULL,FALSE,0,0,-43.3,-504397,15.7,60,MALE,WHITE,Catholic,CO,MA,LAW_DEGREE,Yale University,Boston College Law School,TRUE,NAVY,Lieutenant,TRUE,TRUE,22,20,0,20,0,0,0,0,FALSE,FALSE,FALSE,NULL,FALSE,NULL,236.0,26386,7.2,70.8,15.3,1.42,0.1087,3.521,3.051,1.622,1.012,3.085,0.064,0.352,1.785,0.841,0.58,2.448,2.861,0.894,3.229,17,0.64,69,1,21089,0,328.0,0.89,74.6,TRUE,120.0,25,200,3,0,1,16,7,FALSE,1,NULL,NULL,61.4,5,2,12,0.894,9,770,5,0,10.1,162.3,TRUE,"Dec 6, 2004: Al-Qaeda militants stormed US Consulate in Jeddah, Saudi Arabia, killing 5 consular employees and 4 Saudi security guards. Also: US Embassy in Baghdad struck by rockets multiple times in 2003-2004.",FALSE,NULL,FALSE,0,FALSE,TRUE,"['Bulgaria', 'Estonia', 'Latvia', 'Lithuania', 'Romania', 'Slovakia', 'Slovenia']",FALSE,0.17,318,TRUE,14.3,FALSE,NULL,FALSE,NULL,FALSE,FALSE,FALSE,NULL,0,0,FALSE,5,"Lawrence v. Texas 2003, Grutter v. Bollinger 2003, Hamdi v. Rumsfeld 2004, McConnell v. FEC 2003, Atkins v. Virginia 2002",4,FALSE,2.0,0.75,15,0.68,12.7,0.466,0.34,27424,0.8,66.1,12.5,FALSE,TRUE,John Edwards,NC,5,0,FALSE,DEMOCRATIC,NULL,NULL,NULL,NULL,875,171,120000,35,35,3,0,Speech corpus: Debate 1 (2004); Debate 2 (2004); Debate 3 (2004); Convention acceptance speech (2004)
2004,George Walker Bush,REPUBLICAN,TRUE,62040610,50.73,286,2.46,3.8,3.45,5.5,-0.2,3.19,1.15,-0.66,0.7,35.9,-3.38,35.2,FALSE,0,53.13,75.2,FALSE,11.1,92.9,-2,-4.34,TRUE,Iraq,849,1335,TRUE,TRUE,FALSE,NULL,FALSE,NULL,FALSE,FALSE,TRUE,"September 11, 2001 attacks: 2,977 civilian deaths",2977,NO_AGREEMENT,FALSE,0,FALSE,6,FALSE,NULL,FALSE,NULL,218,FALSE,NULL,0,FALSE,STANDING,FALSE,NULL,FALSE,0,0,-43.3,-504397,15.7,58,MALE,WHITE,Methodist,CT,TX,MBA,Yale University,Harvard Business School,TRUE,AIR_FORCE,First Lieutenant,FALSE,FALSE,10,4,6,0,0,0,0,1,TRUE,FALSE,FALSE,NULL,TRUE,"Son of George H.W. Bush, 41st President of the United States.",13.0,25552,7.2,68.8,14.3,1.46,0.1153,3.244,3.471,1.331,1.143,4.019,0.094,0.368,1.671,0.83,0.618,2.485,2.7,0.971,2.963,3,0.12,50,30,20319,0,367.0,1.12,74.6,FALSE,140.0,26,220,3,0,1,7,16,NULL,1,NULL,NULL,98.0,0,2,12,0.894,9,770,5,0,10.1,162.3,TRUE,"Dec 6, 2004: Al-Qaeda militants stormed US Consulate in Jeddah, Saudi Arabia, killing 5 consular employees and 4 Saudi security guards. Also: US Embassy in Baghdad struck by rockets multiple times in 2003-2004.",FALSE,NULL,FALSE,0,FALSE,TRUE,"['Bulgaria', 'Estonia', 'Latvia', 'Lithuania', 'Romania', 'Slovakia', 'Slovenia']",FALSE,0.17,318,TRUE,14.3,FALSE,NULL,FALSE,NULL,FALSE,FALSE,FALSE,NULL,0,0,FALSE,5,"Lawrence v. Texas 2003, Grutter v. Bollinger 2003, Hamdi v. Rumsfeld 2004, McConnell v. FEC 2003, Atkins v. Virginia 2002",4,FALSE,2.0,0.75,15,0.68,12.7,0.466,0.34,27424,0.8,66.1,12.5,FALSE,TRUE,Dick Cheney,WY,10,0,FALSE,DEMOCRATIC,NULL,NULL,NULL,NULL,875,171,120000,35,35,3,0,Speech corpus: Debate 1 (2004); Debate 2 (2004); Debate 3 (2004); Convention acceptance speech (2004)
2008,Barack Hussein Obama,DEMOCRATIC,TRUE,69498516,52.93,365,7.28,0.1,0.15,6.5,2.1,3.73,0.12,0.08,-33.2,-29.1,-3.1,43.6,TRUE,10,76.65,-11.1,FALSE,-6.6,38.8,-618,-4.55,TRUE,Iraq,314,4222,TRUE,TRUE,TRUE,"Russia invaded Georgia in August 2008, advancing troops into South Ossetia and Abkhazia, occupying areas beyond the conflict zone, and subsequently recognizing the two regions as independent states, in violation of Georgia's territorial sovereignty.",FALSE,NULL,FALSE,FALSE,FALSE,NULL,0,NO_AGREEMENT,TRUE,1,TRUE,2,FALSE,NULL,TRUE,"Global Financial Crisis 2007-2009: subprime mortgage collapse, Bear Stearns failure (Mar 2008), Fannie Mae/Freddie Mac conservatorship (Sep 2008), Lehman Brothers bankruptcy (Sep 15, 2008), TARP $700B bailout; identified by Fed/NBER as worst financial crisis since Great Depression",238,FALSE,NULL,2,TRUE,STANDING,FALSE,NULL,FALSE,0,0,-4.6,-434277,15.4,47,MALE,MULTIRACIAL,Protestant (United Church of Christ),HI,IL,LAW_DEGREE,Columbia University,Harvard Law School,FALSE,NULL,NULL,NULL,NULL,11,4,0,4,0,0,0,0,FALSE,FALSE,TRUE,First African American and first biracial nominee of a major party to win the presidency.,FALSE,NULL,1.3,49836,8.1,67.5,17.0,1.44,0.0817,2.679,3.411,1.762,0.855,2.777,0.06,0.217,1.688,0.851,0.197,2.721,2.157,0.933,2.181,353,7.08,181,1,45536,0,730.0,2.39,350.0,FALSE,280.0,28,280,3,0,1,22,2,FALSE,1,NULL,NULL,47.4,4,-25,-15,2.386,20,1508,-1,0,9.7,268.0,TRUE,"Sept 17, 2008: militants attacked US Embassy in Sana'a, Yemen (19 killed, 16 injured). Sept 13, 2011 (just outside window): Taliban attacked US Embassy and NATO HQ in Kabul. Multiple attacks on US facilities in Iraq 2005-2008.",FALSE,NULL,FALSE,1,FALSE,TRUE,"['Albania', 'Croatia']",FALSE,0.18,538,FALSE,24.2,FALSE,NULL,FALSE,NULL,FALSE,FALSE,FALSE,NULL,1,32,FALSE,4,"District of Columbia v. Heller 2008, Boumediene v. Bush 2008, Gonzales v. Carhart 2007, Parents Involved in Community Schools v. Seattle 2007",9,FALSE,1.0,-4.25,36,2.07,13.2,0.466,0.68,36450,0.6,66.0,12.4,TRUE,FALSE,Joe Biden,DE,37,1,FALSE,DEMOCRATIC,NULL,NULL,112000,NULL,942,120,120000,38,30,9,4,Speech corpus: Debate 1 (2008); Debate 2 (2008); Debate 3 (2008); Convention acceptance speech (2008)
2008,John Sidney McCain III,REPUBLICAN,FALSE,59948323,45.65,173,-7.28,0.1,0.15,6.5,2.1,3.73,0.12,0.08,-33.2,-29.1,-3.1,43.6,TRUE,10,76.65,-11.1,FALSE,-6.6,38.8,-618,-4.55,TRUE,Iraq,314,4222,TRUE,TRUE,TRUE,"Russia invaded Georgia in August 2008, advancing troops into South Ossetia and Abkhazia, occupying areas beyond the conflict zone, and subsequently recognizing the two regions as independent states, in violation of Georgia's territorial sovereignty.",FALSE,NULL,FALSE,FALSE,FALSE,NULL,0,NO_AGREEMENT,TRUE,1,TRUE,2,FALSE,NULL,TRUE,"Global Financial Crisis 2007-2009: subprime mortgage collapse, Bear Stearns failure (Mar 2008), Fannie Mae/Freddie Mac conservatorship (Sep 2008), Lehman Brothers bankruptcy (Sep 15, 2008), TARP $700B bailout; identified by Fed/NBER as worst financial crisis since Great Depression",238,FALSE,NULL,2,TRUE,STANDING,FALSE,NULL,FALSE,0,0,-4.6,-434277,15.4,72,MALE,WHITE,Baptist (formerly Episcopalian),PA,AZ,BACHELORS,United States Naval Academy,National War College,TRUE,NAVY,Captain,TRUE,TRUE,26,26,0,22,4,0,0,1,FALSE,FALSE,FALSE,NULL,TRUE,Son and grandson of four-star Navy admirals John S. McCain Jr. and John S. McCain Sr.,21.0,48120,7.9,67.6,16.4,1.45,0.0832,3.005,3.356,1.802,0.933,2.805,0.069,0.274,1.729,0.84,0.191,2.712,2.219,0.991,2.328,316,6.57,167,0,44028,0,306.0,0.42,84.1,TRUE,120.0,24,220,3,0,1,2,22,FALSE,1,NULL,NULL,47.0,5,-25,-15,2.386,20,1508,-1,0,9.7,268.0,TRUE,"Sept 17, 2008: militants attacked US Embassy in Sana'a, Yemen (19 killed, 16 injured). Sept 13, 2011 (just outside window): Taliban attacked US Embassy and NATO HQ in Kabul. Multiple attacks on US facilities in Iraq 2005-2008.",FALSE,NULL,FALSE,1,FALSE,TRUE,"['Albania', 'Croatia']",FALSE,0.18,538,FALSE,24.2,FALSE,NULL,FALSE,NULL,FALSE,FALSE,FALSE,NULL,1,32,FALSE,4,"District of Columbia v. Heller 2008, Boumediene v. Bush 2008, Gonzales v. Carhart 2007, Parents Involved in Community Schools v. Seattle 2007",9,FALSE,1.0,-4.25,36,2.07,13.2,0.466,0.68,36450,0.6,66.0,12.4,TRUE,FALSE,Sarah Palin,AK,12,1,FALSE,DEMOCRATIC,NULL,NULL,4600,NULL,942,120,120000,38,30,9,4,Speech corpus: Debate 1 (2008); Debate 2 (2008); Debate 3 (2008); Convention acceptance speech (2008)
2012,Barack Hussein Obama,DEMOCRATIC,TRUE,65915795,51.06,332,3.86,2.3,1.2,7.8,-1.6,2.16,-1.36,-0.98,7.3,10.8,-6.62,70.6,FALSE,0,89.57,3.7,FALSE,0.3,72.2,179,-2.84,TRUE,Afghanistan,314,2163,TRUE,TRUE,FALSE,NULL,TRUE,"China seized Scarborough Shoal from the Philippines in April-June 2012 through a naval standoff, blocking Filipino fishermen from traditional fishing grounds and establishing de facto Chinese control over Philippine-claimed sovereign maritime territory.",FALSE,FALSE,FALSE,NULL,0,NEGOTIATING,TRUE,1,FALSE,1,FALSE,NULL,TRUE,"Global Financial Crisis 2007-2009 (within prior 4 years 2009-2012): Great Recession aftermath, bank failures continued into 2010 (157 bank failures), 10% unemployment, federal bailouts of AIG, GM, Chrysler",286,TRUE,12469,2,TRUE,STANDING,FALSE,NULL,TRUE,0,0,-70.8,-348132,15.4,51,MALE,MULTIRACIAL,Protestant (United Church of Christ),HI,IL,LAW_DEGREE,Columbia University,Harvard Law School,FALSE,NULL,NULL,NULL,NULL,15,8,0,4,0,0,0,1,TRUE,FALSE,FALSE,NULL,FALSE,NULL,7.0,33159,7.7,68.3,15.8,1.45,0.0936,2.467,3.658,1.595,0.654,2.937,0.027,0.178,1.291,0.814,0.262,3.302,1.924,0.82,2.868,209,6.3,61,15,28448,0,738.0,1.53,380.0,FALSE,290.0,28,250,3,0,1,16,7,NULL,2,NULL,NULL,99.5,0,-14,11,1.528,9,4097,-4,0,7.9,315.1,TRUE,"Sept 11, 2012: Benghazi attack - Islamist militants stormed US Consulate in Benghazi, Libya, killing Ambassador J. Christopher Stevens and 3 other Americans (Sean Smith, Tyrone Woods, Glen Doherty). US Embassy in Cairo stormed Sept 11, 2012. Sept 13, 2011: Taliban attacked US Embassy in Kabul (7 killed, 19 wounded).",FALSE,NULL,FALSE,0,FALSE,FALSE,NULL,FALSE,0.19,420,TRUE,-1.9,TRUE,"Fukushima Daiichi nuclear disaster March 11, 2011 (Japan): INES Level 7 (maximum). 9.0 magnitude earthquake and tsunami caused three reactor meltdowns. Forced evacuation of ~154,000 residents. Japan is G20 member. Second worst nuclear accident in history after Chernobyl.",TRUE,"H1N1 influenza pandemic 2009-2010: WHO declared Public Health Emergency of International Concern (PHEIC) April 26, 2009 and pandemic June 11, 2009. First pandemic declared since 1968. Estimated 150,000-575,000 deaths globally in first year.",FALSE,FALSE,FALSE,NULL,3,36,FALSE,4,"Citizens United v. FEC 2010, McDonald v. City of Chicago 2010, National Federation of Independent Business v. Sebelius 2012, Arizona v. United States 2012",13,FALSE,0.16,0.0,423,1.9,15.0,0.477,1.055,41502,0.4,63.7,11.3,FALSE,FALSE,Joe Biden,DE,37,1,FALSE,REPUBLICAN,NULL,NULL,22000000,NULL,666,147,62000,32,20,6,0,Speech corpus: Debate 1 (2012); Debate 2 (2012); Debate 3 (2012); Convention acceptance speech (2012)
2012,Willard Mitt Romney,REPUBLICAN,FALSE,60933504,47.2,206,-3.86,2.3,1.2,7.8,-1.6,2.16,-1.36,-0.98,7.3,10.8,-6.62,70.6,FALSE,0,89.57,3.7,FALSE,0.3,72.2,179,-2.84,TRUE,Afghanistan,314,2163,TRUE,TRUE,FALSE,NULL,TRUE,"China seized Scarborough Shoal from the Philippines in April-June 2012 through a naval standoff, blocking Filipino fishermen from traditional fishing grounds and establishing de facto Chinese control over Philippine-claimed sovereign maritime territory.",FALSE,FALSE,FALSE,NULL,0,NEGOTIATING,TRUE,1,FALSE,1,FALSE,NULL,TRUE,"Global Financial Crisis 2007-2009 (within prior 4 years 2009-2012): Great Recession aftermath, bank failures continued into 2010 (157 bank failures), 10% unemployment, federal bailouts of AIG, GM, Chrysler",286,TRUE,12469,2,TRUE,STANDING,FALSE,NULL,TRUE,0,0,-70.8,-348132,15.4,65,MALE,WHITE,Mormon (Church of Jesus Christ of Latter-day Saints),MI,MA,LAW_DEGREE,Brigham Young University,Harvard Law School / Harvard Business School (joint JD/MBA),FALSE,NULL,NULL,NULL,NULL,4,0,4,0,0,0,0,1,FALSE,FALSE,TRUE,First Mormon (member of the Church of Jesus Christ of Latter-day Saints) to be nominated for president by a major party.,TRUE,"Son of George Romney, Governor of Michigan and 1968 presidential candidate.",230.0,28527,7.3,69.6,15.1,1.44,0.0961,3.022,3.032,1.511,0.715,2.91,0.067,0.193,1.339,0.855,0.294,3.544,2.11,0.95,2.86,15,0.53,86,3,24351,0,483.0,0.65,250.0,FALSE,200.0,26,230,3,0,1,7,16,FALSE,1,NULL,NULL,52.1,4,-14,11,1.528,9,4097,-4,0,7.9,315.1,TRUE,"Sept 11, 2012: Benghazi attack - Islamist militants stormed US Consulate in Benghazi, Libya, killing Ambassador J. Christopher Stevens and 3 other Americans (Sean Smith, Tyrone Woods, Glen Doherty). US Embassy in Cairo stormed Sept 11, 2012. Sept 13, 2011: Taliban attacked US Embassy in Kabul (7 killed, 19 wounded).",FALSE,NULL,FALSE,0,FALSE,FALSE,NULL,FALSE,0.19,420,TRUE,-1.9,TRUE,"Fukushima Daiichi nuclear disaster March 11, 2011 (Japan): INES Level 7 (maximum). 9.0 magnitude earthquake and tsunami caused three reactor meltdowns. Forced evacuation of ~154,000 residents. Japan is G20 member. Second worst nuclear accident in history after Chernobyl.",TRUE,"H1N1 influenza pandemic 2009-2010: WHO declared Public Health Emergency of International Concern (PHEIC) April 26, 2009 and pandemic June 11, 2009. First pandemic declared since 1968. Estimated 150,000-575,000 deaths globally in first year.",FALSE,FALSE,FALSE,NULL,3,36,FALSE,4,"Citizens United v. FEC 2010, McDonald v. City of Chicago 2010, National Federation of Independent Business v. Sebelius 2012, Arizona v. United States 2012",13,FALSE,0.16,0.0,423,1.9,15.0,0.477,1.055,41502,0.4,63.7,11.3,FALSE,FALSE,Paul Ryan,WI,13,0,FALSE,REPUBLICAN,NULL,NULL,1700000,NULL,666,147,62000,32,20,6,0,Speech corpus: Debate 1 (2012); Debate 2 (2012); Debate 3 (2012); Convention acceptance speech (2012)
2016,Hillary Diane Rodham Clinton,DEMOCRATIC,FALSE,65853514,48.18,227,2.09,1.8,2.1,4.9,-0.8,1.69,1.56,0.76,11.0,1.0,-3.11,75.6,FALSE,0,49.78,7.7,FALSE,5.5,100.8,-18,-2.24,TRUE,Afghanistan,10,2386,TRUE,TRUE,TRUE,"Russia annexed Crimea from Ukraine in March 2014 and provided military support to separatist forces in eastern Ukraine (Donbas), resulting in an ongoing armed conflict that claimed approximately 14,000 lives by 2022.",TRUE,"China constructed and began militarizing artificial islands across disputed Spratly Islands features in the South China Sea (2013-2016), asserting territorial claims in defiance of international law; China also conducted military exercises near Taiwan and continued incursions.",FALSE,FALSE,TRUE,"San Bernardino attack (December 2, 2015): 14 deaths; Orlando Pulse nightclub shooting (June 12, 2016): 49 deaths",77,ACTIVE_AGREEMENT,TRUE,3,FALSE,0,FALSE,NULL,FALSE,NULL,219,FALSE,NULL,0,FALSE,STANDING,FALSE,NULL,TRUE,1,16,-1.5,51997,8.6,69,FEMALE,WHITE,Methodist,IL,NY,LAW_DEGREE,Wellesley College,Yale Law School,FALSE,NULL,NULL,NULL,NULL,8,8,0,8,0,0,4,1,FALSE,FALSE,TRUE,First woman to be nominated for president by a major political party in the United States.,TRUE,"Wife of Bill Clinton, 42nd President of the United States.",31.0,55140,6.3,73.9,13.5,1.41,0.0719,3.183,3.016,2.524,0.997,2.544,0.073,0.223,1.863,0.896,0.272,2.077,1.494,0.959,2.942,502,9.1,305,29,49370,10,563.0,1.71,320.0,FALSE,230.0,37,278,3,0,1,21,1,TRUE,1,NULL,NULL,55.2,3,-1,8,1.711,20,1475,-5,0,6.7,346.8,FALSE,NULL,TRUE,"OPM hack 2014-2015 (China): Chinese state actors breached US Office of Personnel Management, stealing security clearance records of 21.5 million federal employees and contractors; attributed by US government to China. DNC hack 2015-2016 (Russia): Russian GRU hackers breached DNC and DCCC servers, releasing stolen emails via WikiLeaks to influence 2016 election; formally attributed by US intelligence community.",FALSE,0,FALSE,TRUE,['Montenegro'],TRUE,0.17,28,TRUE,-1.5,FALSE,NULL,TRUE,"Ebola outbreak West Africa 2014-2016: WHO declared PHEIC August 8, 2014. Over 11,000 deaths in Guinea, Liberia, Sierra Leone. Zika virus epidemic 2015-2016: WHO declared PHEIC February 1, 2016, linked to microcephaly cluster in Brazil. Both concurrent PHEICs preceding 2016 election.",FALSE,FALSE,FALSE,NULL,2,40,TRUE,4,"Obergefell v. Hodges 2015, Whole Woman's Health v. Hellerstedt 2016, Shelby County v. Holder 2013, McCutcheon v. FEC 2014",0,FALSE,0.4,0.4,34,0.96,12.7,0.481,1.405,63632,-0.2,62.8,10.7,TRUE,FALSE,Tim Kaine,VA,18,0,FALSE,REPUBLICAN,NULL,NULL,10400000,NULL,625,129,-67000,26,18,6,1,Speech corpus: Debate 1 (2016); Debate 2 (2016); Debate 3 (2016); Convention acceptance speech (2016)
2016,Donald John Trump,REPUBLICAN,TRUE,62984828,46.09,304,-2.09,1.8,2.1,4.9,-0.8,1.69,1.56,0.76,11.0,1.0,-3.11,75.6,FALSE,0,49.78,7.7,FALSE,5.5,100.8,-18,-2.24,TRUE,Afghanistan,10,2386,TRUE,TRUE,TRUE,"Russia annexed Crimea from Ukraine in March 2014 and provided military support to separatist forces in eastern Ukraine (Donbas), resulting in an ongoing armed conflict that claimed approximately 14,000 lives by 2022.",TRUE,"China constructed and began militarizing artificial islands across disputed Spratly Islands features in the South China Sea (2013-2016), asserting territorial claims in defiance of international law; China also conducted military exercises near Taiwan and continued incursions.",FALSE,FALSE,TRUE,"San Bernardino attack (December 2, 2015): 14 deaths; Orlando Pulse nightclub shooting (June 12, 2016): 49 deaths",77,ACTIVE_AGREEMENT,TRUE,3,FALSE,0,FALSE,NULL,FALSE,NULL,219,FALSE,NULL,0,FALSE,STANDING,FALSE,NULL,TRUE,1,16,-1.5,51997,8.6,70,MALE,WHITE,Presbyterian,NY,NY,BACHELORS,University of Pennsylvania (Wharton School),NULL,FALSE,NULL,NULL,NULL,NULL,0,0,0,0,0,0,0,0,FALSE,FALSE,FALSE,NULL,FALSE,NULL,3700.0,53313,6.4,72.8,13.3,1.43,0.074,3.217,2.924,2.393,1.077,2.367,0.062,0.234,1.821,0.865,0.253,2.116,1.504,1.082,3.108,387,7.26,287,15,47895,10,329.0,0.58,190.0,FALSE,90.0,45,302,3,0,1,1,21,FALSE,0,NULL,NULL,44.9,8,-1,8,1.711,20,1475,-5,0,6.7,346.8,FALSE,NULL,TRUE,"OPM hack 2014-2015 (China): Chinese state actors breached US Office of Personnel Management, stealing security clearance records of 21.5 million federal employees and contractors; attributed by US government to China. DNC hack 2015-2016 (Russia): Russian GRU hackers breached DNC and DCCC servers, releasing stolen emails via WikiLeaks to influence 2016 election; formally attributed by US intelligence community.",FALSE,0,FALSE,TRUE,['Montenegro'],TRUE,0.17,28,TRUE,-1.5,FALSE,NULL,TRUE,"Ebola outbreak West Africa 2014-2016: WHO declared PHEIC August 8, 2014. Over 11,000 deaths in Guinea, Liberia, Sierra Leone. Zika virus epidemic 2015-2016: WHO declared PHEIC February 1, 2016, linked to microcephaly cluster in Brazil. Both concurrent PHEICs preceding 2016 election.",FALSE,FALSE,FALSE,NULL,2,40,TRUE,4,"Obergefell v. Hodges 2015, Whole Woman's Health v. Hellerstedt 2016, Shelby County v. Holder 2013, McCutcheon v. FEC 2014",0,FALSE,0.4,0.4,34,0.96,12.7,0.481,1.405,63632,-0.2,62.8,10.7,TRUE,FALSE,Mike Pence,IN,15,0,FALSE,REPUBLICAN,NULL,NULL,13200000,NULL,625,129,-67000,26,18,6,1,Speech corpus: Debate 1 (2016); Debate 2 (2016); Debate 3 (2016); Convention acceptance speech (2016)
2020,Joseph Robinette Biden Jr.,DEMOCRATIC,TRUE,81283501,51.31,306,4.46,-2.1,3.45,6.9,3.1,1.23,-0.5,3.36,-7.2,3.5,-14.65,98.0,TRUE,2,39.4,-27.0,FALSE,4.9,101.4,-647,-1.83,TRUE,Afghanistan,4,2443,TRUE,TRUE,TRUE,"Russia annexed Crimea in 2014 and has supported armed separatist forces in eastern Ukraine (Donbas) since April 2014, with active armed conflict ongoing through 2020.",TRUE,"China dramatically escalated PLA air incursions into Taiwan's Air Defense Identification Zone in 2020 (largest incursions to date), continued militarization of South China Sea artificial islands, and conducted aggressive naval operations against Philippine vessels at Second Thomas Shoal.",TRUE,TRUE,FALSE,NULL,34,WITHDRAWN,TRUE,1,TRUE,3,TRUE,"President Trump impeached by House December 18, 2019 on charges of abuse of power and obstruction of Congress; acquitted by Senate February 5, 2020",FALSE,NULL,323,TRUE,231000,3,FALSE,STANDING,FALSE,NULL,FALSE,2,38,9.4,-8219,9.2,77,MALE,WHITE,Catholic,PA,DE,LAW_DEGREE,University of Delaware,Syracuse University College of Law,FALSE,NULL,NULL,NULL,NULL,44,44,0,36,0,8,0,2,FALSE,FALSE,FALSE,NULL,FALSE,NULL,9.0,39848,4.7,79.2,10.2,1.39,0.0819,2.796,2.211,3.099,1.057,2.121,0.166,0.203,2.003,0.858,0.203,2.058,1.9,1.009,3.338,542,13.6,301,2,37129,21,1050.0,1.47,700.0,FALSE,490.0,18,80,2,0,1,22,2,FALSE,3,NULL,NULL,51.8,5,3,40,1.464,20,-279,4,0,2.3,308.0,FALSE,NULL,TRUE,"SolarWinds hack Dec 2020 (Russia/SVR): Russian state actors compromised SolarWinds Orion software, infiltrating 18,000+ US government and private networks including Treasury, State Dept, DHS, NSA; discovered Dec 2020. 2018-2019 Chinese cyber espionage campaign against Marriott and other US firms. Russia also conducted election interference via social media operations 2019-2020.",TRUE,1,FALSE,TRUE,['North Macedonia'],FALSE,0.16,62,TRUE,-3.0,FALSE,NULL,TRUE,"Kivu Ebola epidemic 2018-2020: WHO declared PHEIC July 17, 2019 (second Ebola PHEIC). Over 2,200 deaths in DRC before PHEIC lifted June 2020. Mpox (monkeypox) not yet declared PHEIC in this period.",FALSE,FALSE,FALSE,NULL,7,195,TRUE,4,"Bostock v. Clayton County 2020, Seila Law v. CFPB 2020, June Medical Services v. Russo 2020, Trump v. Hawaii 2018",10,FALSE,0.09,-1.66,15,0.28,11.4,0.489,1.694,68630,-1.2,61.7,10.8,FALSE,TRUE,Kamala Harris,CA,16,0,FALSE,DEMOCRATIC,NULL,NULL,7100000,NULL,786,220,73000,24,15,10,1,Speech corpus: Debate 1 (2020); Debate 2 (2020); Convention acceptance speech (2020)
2020,Donald John Trump,REPUBLICAN,FALSE,74223975,46.85,232,-4.46,-2.1,3.45,6.9,3.1,1.23,-0.5,3.36,-7.2,3.5,-14.65,98.0,TRUE,2,39.4,-27.0,FALSE,4.9,101.4,-647,-1.83,TRUE,Afghanistan,4,2443,TRUE,TRUE,TRUE,"Russia annexed Crimea in 2014 and has supported armed separatist forces in eastern Ukraine (Donbas) since April 2014, with active armed conflict ongoing through 2020.",TRUE,"China dramatically escalated PLA air incursions into Taiwan's Air Defense Identification Zone in 2020 (largest incursions to date), continued militarization of South China Sea artificial islands, and conducted aggressive naval operations against Philippine vessels at Second Thomas Shoal.",TRUE,TRUE,FALSE,NULL,34,WITHDRAWN,TRUE,1,TRUE,3,TRUE,"President Trump impeached by House December 18, 2019 on charges of abuse of power and obstruction of Congress; acquitted by Senate February 5, 2020",FALSE,NULL,323,TRUE,231000,3,FALSE,STANDING,FALSE,NULL,FALSE,2,38,9.4,-8219,9.2,74,MALE,WHITE,Presbyterian,NY,FL,BACHELORS,University of Pennsylvania (Wharton School),NULL,FALSE,NULL,NULL,NULL,NULL,4,4,0,0,0,0,0,1,TRUE,FALSE,FALSE,NULL,FALSE,NULL,3700.0,44013,5.3,75.9,10.6,1.42,0.0861,2.572,2.37,2.963,1.041,2.147,0.159,0.198,1.949,0.82,0.195,2.045,1.856,1.009,3.458,454,10.32,300,2,37408,21,717.0,0.68,400.0,FALSE,200.0,22,200,2,0,1,2,22,NULL,0,NULL,NULL,94.0,1,3,40,1.464,20,-279,4,0,2.3,308.0,FALSE,NULL,TRUE,"SolarWinds hack Dec 2020 (Russia/SVR): Russian state actors compromised SolarWinds Orion software, infiltrating 18,000+ US government and private networks including Treasury, State Dept, DHS, NSA; discovered Dec 2020. 2018-2019 Chinese cyber espionage campaign against Marriott and other US firms. Russia also conducted election interference via social media operations 2019-2020.",TRUE,1,FALSE,TRUE,['North Macedonia'],FALSE,0.16,62,TRUE,-3.0,FALSE,NULL,TRUE,"Kivu Ebola epidemic 2018-2020: WHO declared PHEIC July 17, 2019 (second Ebola PHEIC). Over 2,200 deaths in DRC before PHEIC lifted June 2020. Mpox (monkeypox) not yet declared PHEIC in this period.",FALSE,FALSE,FALSE,NULL,7,195,TRUE,4,"Bostock v. Clayton County 2020, Seila Law v. CFPB 2020, June Medical Services v. Russo 2020, Trump v. Hawaii 2018",10,FALSE,0.09,-1.66,15,0.28,11.4,0.489,1.694,68630,-1.2,61.7,10.8,FALSE,TRUE,Mike Pence,IN,15,0,FALSE,DEMOCRATIC,NULL,NULL,87400000,NULL,786,220,73000,24,15,10,1,Speech corpus: Debate 1 (2020); Debate 2 (2020); Convention acceptance speech (2020)
2024,Kamala Devi Harris,DEMOCRATIC,FALSE,75017613,48.32,226,-1.48,2.8,3.45,4.1,0.5,2.58,-0.67,1.59,16.5,38.9,-6.2,96.8,FALSE,0,71.99,-15.9,FALSE,5.1,99.2,-140,-3.48,FALSE,NULL,0,0,TRUE,TRUE,TRUE,"Russia launched a full-scale invasion of Ukraine on February 24, 2022, occupying and illegally annexing portions of Donetsk, Luhansk, Zaporizhzhia, and Kherson oblasts; active large-scale conventional war ongoing through November 2024.",TRUE,"China conducted large-scale blockade-simulation military exercises around Taiwan in August 2022 (after Pelosi visit), May 2024 (Joint Sword-2024A, after Taiwan's presidential inauguration), and October 2024 (Joint Sword-2024B); also continued aggressive operations against Philippine vessels in South China Sea including use of water cannons and ship collisions.",TRUE,TRUE,FALSE,NULL,0,NO_AGREEMENT,FALSE,0,TRUE,6,FALSE,NULL,FALSE,NULL,289,TRUE,1200000,1,FALSE,OVERTURNED,TRUE,"Bipartisan Safer Communities Act (2022): first major federal gun legislation in nearly 30 years; enhanced background checks, juvenile records access, boyfriend loophole closure, crisis intervention funding",TRUE,0,0,-36.6,1129872,8.0,60,FEMALE,MULTIRACIAL,Baptist,CA,CA,LAW_DEGREE,Howard University,UC Hastings College of the Law,FALSE,NULL,NULL,NULL,NULL,8,8,0,4,0,4,0,1,FALSE,TRUE,TRUE,"First woman, first Black American, and first South Asian American to be nominated for president by a major party.",FALSE,NULL,8.0,20996,6.0,73.7,11.9,1.43,0.1159,2.801,2.486,2.253,1.119,2.491,0.067,0.281,1.886,0.676,0.257,1.486,2.543,0.576,3.92,180,8.57,90,26,16962,3,1000.0,1.54,900.0,FALSE,640.0,22,150,1,0,1,18,1,TRUE,3,NULL,NULL,NULL,NULL,-18,0,1.538,17,-17305,NULL,0,5.0,295.4,FALSE,NULL,TRUE,"Colonial Pipeline ransomware attack May 2021 (Russia-linked DarkSide group): disrupted fuel supply to US East Coast; Biden administration formally linked to Russia-based cybercriminals with Kremlin tolerance. Microsoft Exchange Server hack 2021 (China/Hafnium): Chinese state-sponsored actors compromised 250,000+ servers globally including US govt. Volt Typhoon 2022-2023 (China): Chinese state actors pre-positioned in US critical infrastructure (power, water, communications) per CISA/FBI/NSA joint advisory. Russian cyberattacks on US state election infrastructure ongoing.",TRUE,2,FALSE,TRUE,"['Finland', 'Sweden']",TRUE,0.24,15,TRUE,-2.1,FALSE,NULL,TRUE,"Mpox (monkeypox) PHEIC declared July 23, 2022: WHO declared global health emergency for 2022-2023 mpox outbreak affecting 75+ countries (17,000+ cases). PHEIC ended May 2023. Second mpox PHEIC declared Aug 14, 2024 for Clade I variant in Africa. Both PHEICs active in the prior 4 years before 2024 election.",TRUE,TRUE,FALSE,NULL,4,51,TRUE,5,"Dobbs v. Jackson Women's Health Org 2022, West Virginia v. EPA 2022, Trump v. United States 2024, Moore v. Harper 2023, 303 Creative v. Elenis 2023",3,FALSE,4.58,4.33,9,0.23,11.1,0.487,1.75,79358,1.4,62.6,9.9,TRUE,TRUE,Tim Walz,MN,17,0,TRUE,REPUBLICAN,NULL,NULL,8000000,NULL,636,162,138000,28,12,13,0,Speech corpus: Debate 2 (2024); Convention acceptance speech (2024)
2024,Donald John Trump,REPUBLICAN,TRUE,77302580,49.8,312,1.48,2.8,3.45,4.1,0.5,2.58,-0.67,1.59,16.5,38.9,-6.2,96.8,FALSE,0,71.99,-15.9,FALSE,5.1,99.2,-140,-3.48,FALSE,NULL,0,0,TRUE,TRUE,TRUE,"Russia launched a full-scale invasion of Ukraine on February 24, 2022, occupying and illegally annexing portions of Donetsk, Luhansk, Zaporizhzhia, and Kherson oblasts; active large-scale conventional war ongoing through November 2024.",TRUE,"China conducted large-scale blockade-simulation military exercises around Taiwan in August 2022 (after Pelosi visit), May 2024 (Joint Sword-2024A, after Taiwan's presidential inauguration), and October 2024 (Joint Sword-2024B); also continued aggressive operations against Philippine vessels in South China Sea including use of water cannons and ship collisions.",TRUE,TRUE,FALSE,NULL,0,NO_AGREEMENT,FALSE,0,TRUE,6,FALSE,NULL,FALSE,NULL,289,TRUE,1200000,1,FALSE,OVERTURNED,TRUE,"Bipartisan Safer Communities Act (2022): first major federal gun legislation in nearly 30 years; enhanced background checks, juvenile records access, boyfriend loophole closure, crisis intervention funding",TRUE,0,0,-36.6,1129872,8.0,78,MALE,WHITE,Presbyterian,NY,FL,BACHELORS,University of Pennsylvania (Wharton School),NULL,FALSE,NULL,NULL,NULL,NULL,8,8,0,0,0,0,0,2,FALSE,FALSE,FALSE,NULL,FALSE,NULL,5300.0,46394,5.7,75.3,11.7,1.41,0.0783,2.625,2.862,2.237,1.106,2.47,0.075,0.213,1.918,0.884,0.246,1.811,1.912,0.933,4.535,74,1.6,249,0,34267,4,650.0,0.65,500.0,FALSE,200.0,25,180,2,0,1,1,18,FALSE,0,NULL,NULL,63.7,3,-18,0,1.538,17,-17305,NULL,0,5.0,295.4,FALSE,NULL,TRUE,"Colonial Pipeline ransomware attack May 2021 (Russia-linked DarkSide group): disrupted fuel supply to US East Coast; Biden administration formally linked to Russia-based cybercriminals with Kremlin tolerance. Microsoft Exchange Server hack 2021 (China/Hafnium): Chinese state-sponsored actors compromised 250,000+ servers globally including US govt. Volt Typhoon 2022-2023 (China): Chinese state actors pre-positioned in US critical infrastructure (power, water, communications) per CISA/FBI/NSA joint advisory. Russian cyberattacks on US state election infrastructure ongoing.",TRUE,2,FALSE,TRUE,"['Finland', 'Sweden']",TRUE,0.24,15,TRUE,-2.1,FALSE,NULL,TRUE,"Mpox (monkeypox) PHEIC declared July 23, 2022: WHO declared global health emergency for 2022-2023 mpox outbreak affecting 75+ countries (17,000+ cases). PHEIC ended May 2023. Second mpox PHEIC declared Aug 14, 2024 for Clade I variant in Africa. Both PHEICs active in the prior 4 years before 2024 election.",TRUE,TRUE,FALSE,NULL,4,51,TRUE,5,"Dobbs v. Jackson Women's Health Org 2022, West Virginia v. EPA 2022, Trump v. United States 2024, Moore v. Harper 2023, 303 Creative v. Elenis 2023",3,FALSE,4.58,4.33,9,0.23,11.1,0.487,1.75,79358,1.4,62.6,9.9,TRUE,TRUE,JD Vance,OH,2,0,TRUE,REPUBLICAN,NULL,NULL,92300000,NULL,636,162,138000,28,12,13,0,Speech corpus: Debate 1 (2024); Debate 2 (2024); Convention acceptance speech (2024)
